"#","Player","Pos","Team","1","2","3","4","5","6","7","8","9","10","11","12","13","14","15","16","17","18","AVG","TTL"
"1","Lamar Jackson","QB","BAL","25.1","17.4","26","23.6","33.4","19.9","34.4","24.2","23.6","32.9","15.9","22.6","25.4","BYE","36.1","21.5","29.4","23","25.6","434.4"
"2","Josh Allen","QB","BUF","31.2","9.8","30.9","7.3","14.6","24.4","21","20.8","23.1","20.2","25","BYE","28.4","51.9","41.3","12.2","23","0","22.6","385"
"3","Joe Burrow","QB","CIN","8.1","17.2","25.4","17.3","34.8","19.8","14.9","13.9","30.1","33.7","29","BYE","20.3","25.6","18.8","22","37","14","22.5","381.8"
"4","Baker Mayfield","QB","TB","29.7","19.8","9.5","28.9","23.4","28.9","29","24.3","18","8.9","BYE","18.7","12.2","21","29","23.3","34.6","22.6","22.5","381.8"
"5","Jayden Daniels","QB","WAS","28.2","13.4","28.1","25","20.7","21","5.2","22.2","19.9","8.6","14.4","32.4","28.6","BYE","23.6","36.4","32.8","4.2","21.5","364.8"
"6","Ja'Marr Chase","WR","CIN","9.2","5.5","26.8","16","36.3","9.7","15.1","15.9","7.8","49.9","23","BYE","17.6","38.1","13.9","19.4","14.7","20.6","20","339.5"
"7","Saquon Barkley","RB","PHI","32.2","15.6","31.6","12.6","BYE","6.4","25.7","11.6","31.4","8.3","32.8","44.2","18.7","14.4","8.4","27","17.9","-","21.2","338.8"
"8","Jahmyr Gibbs","RB","DET","15.4","14.1","16.3","19.8","BYE","10.6","30","19.8","14.1","11.8","18.8","23.4","9.4","16.3","25.9","23.4","24.3","43.5","19.8","336.9"
"9","Jared Goff","QB","DET","12.4","10.8","15.6","26.7","BYE","25.1","18.8","15.5","9.6","12.8","34.6","10.8","16.9","23","41.1","25.3","25.8","11.2","19.8","336"
"10","Bo Nix","QB","DEN","13","10.3","19.3","6.7","23.1","21.7","14.1","29.8","18.2","16.1","28.8","19.4","14.2","BYE","16.5","21","22.9","33.5","19.3","328.7"
"11","Derrick Henry","RB","BAL","10.6","16.1","29.9","34.4","16.1","25.2","24.7","14.2","25.8","13.6","10.5","14","12.6","BYE","6.7","19.9","23.5","29.1","19.2","326.9"
"12","Jalen Hurts","QB","PHI","18.4","24.8","11.9","16.3","BYE","21.9","22.8","35.1","29.9","30.7","18.7","15.1","17.6","24.2","28.1","4.5","-","-","21.3","320.1"
"13","Sam Darnold","QB","SEA","15.6","20.9","23.2","21.5","5.3","-","17.3","18.2","21","9.4","23.6","21.1","19.6","34.6","12.2","22.9","25.8","7.6","18.8","320"
"14","Bijan Robinson","RB","ATL","13.6","14.2","12.2","9.4","9.2","24","21.8","20.1","18","27.9","8.3","BYE","22.5","19.1","14","23.3","23.3","30.3","18.3","311.2"
"15","Kyler Murray","QB","ARI","14.2","28.5","15.8","10","25.1","12","21.2","22.2","4.8","28.7","BYE","11.3","17.2","20","10.1","21.4","18","27.9","18.1","308.2"
"16","Patrick Mahomes II","QB","KC","15.6","14.9","17.4","14","14.4","BYE","14.1","19.2","24.5","16.5","17.8","28.8","16.6","14.1","15.8","23.7","26","-","18.3","293.5"
"17","Justin Herbert","QB","LAC","10.4","12","9","11.2","BYE","13.7","14.8","24.1","19.5","19.8","24.4","17.6","8","13.7","14.8","23.2","24.4","28","17","288.4"
"18","Geno Smith","QB","LV","18.8","17.9","13.4","22.6","22.6","14.5","17.8","9.1","25.1","BYE","16.7","13.4","12.4","13.3","5.5","23.4","8.3","26.3","16.5","281"
"19","Brock Purdy","QB","SF","10.3","15","25.8","15.6","15.1","24.1","20.2","26","BYE","23.8","19.4","-","2.2","22.1","5","22.1","32.3","-","18.6","278.9"
"20","Josh Jacobs","RB","GB","11.4","13.1","5.3","9.8","15.9","10.5","17.7","25","11.8","BYE","21.4","28.6","19.7","24.6","19.6","18.7","10.9","11.1","16.2","275.1"
"21","Aaron Rodgers","QB","PIT","9.6","15.1","21","11.6","14.8","18.8","15","17.3","20.3","4","16.1","-","15","17.6","30.1","12.8","2.5","26","15.7","267.6"
"22","Justin Jefferson","WR","MIN","13.9","21.3","17.1","17.5","12.2","BYE","17.9","15.5","18.1","7.3","11.1","3.7","13.4","28.7","16.8","31.4","13.2","6.9","15.6","266"
"23","De'Von Achane","RB","MIA","19.5","26","7.3","4.4","2.2","BYE","9.5","23.7","28.1","7.7","18.5","19.1","17","15.9","11.1","28","4.8","18.1","15.3","260.9"
"24","Caleb Williams","QB","CHI","7.2","9.4","19.3","11.5","23.6","29.6","BYE","9.9","9.2","6.3","16.2","26.9","26.1","14.1","9.9","22.8","7.6","10.9","15.3","260.5"
"25","Amon-Ra St. Brown","WR","DET","2.8","17.4","17","17.8","BYE","11.7","21.2","7.7","15.1","15","33.2","9.2","9.8","7.8","30.3","16","16","10.7","15.2","258.7"
"26","Kyren Williams","RB","LAR","12.9","13.2","30.6","18.4","15","BYE","19.6","20.1","10","8.7","8.6","11.2","17.8","22.7","12.2","19.4","14.7","-","15.9","255.1"
"27","James Cook","RB","BUF","11.8","28","16.7","5.3","16.9","-","9.2","26.8","9.4","15","17.2","BYE","18.5","3.9","25.8","26.1","11.3","8.8","15.7","250.7"
"28","Jordan Love","QB","GB","17.4","-","-","31.2","17","26.6","18.8","6.7","11.9","BYE","21.2","14.7","19","14.5","17.6","11.5","14","2.8","16.3","244.9"
"29","Brian Thomas Jr.","WR","JAC","12.7","10.4","7.3","18.9","20.7","4.2","19.6","13.5","5.2","2.2","11.1","BYE","16.7","12.6","27.5","23.7","20.4","13.8","14.1","240.5"
"30","Jonathan Taylor","RB","IND","10.8","14.5","26","18.3","-","-","-","18.2","7.4","13.2","6.5","3.5","16.8","BYE","9.6","39.8","26.6","24.5","16.8","235.7"
"31","C.J. Stroud","QB","HOU","18.7","14.3","11.8","23.5","16.9","19.4","5.3","12.4","11.5","11.8","11.9","17.7","14.4","BYE","11.6","18.1","7.1","6","13.7","232.4"
"32","Alvin Kamara","RB","NO","19.5","43","14.2","21.4","9.6","14.9","5.4","15.2","24.5","13.4","10.9","BYE","13.9","10.4","15","-","-","-","16.5","231.3"
"33","Drake London","WR","ATL","2.5","14.4","15.7","9.4","27.4","16.4","15.3","5.4","9.7","13.7","7.6","BYE","12.8","9.5","12.8","8.4","14.1","35.7","13.6","230.8"
"34","James Conner","RB","ARI","17.8","18.9","3","17.8","13","4.6","16.2","13.9","13.4","19.8","BYE","7.4","9.6","20.2","28.3","24.6","1.8","-","14.4","230.3"
"35","Chase Brown","RB","CIN","3.8","3.1","7.9","22.2","14.9","13.4","6.3","10.4","24.2","17.9","16.8","BYE","17.5","21.3","24.8","12.4","11.1","-","14.3","228"
"36","Terry McLaurin","WR","WAS","2.7","5.2","18","14.7","11.4","20.3","12.8","15","14.9","13.8","1.5","18.7","23.3","BYE","22.8","14.5","1","16.2","13.3","226.8"
"37","Matthew Stafford","QB","LAR","15.7","6.6","12.8","5.9","13.4","BYE","5","25.8","18.9","10.7","27.8","19.2","15.6","20.8","8.2","7","9.2","-","13.9","222.6"
"38","Joe Mixon","RB","HOU","25.3","6.5","-","-","-","26.2","25.4","21.4","16.6","16","34.3","7","19.9","BYE","8.1","7.6","4.9","3.3","15.9","222.5"
"39","Bucky Irving","RB","TB","8.6","2.2","9.9","12","4.6","17.5","15.2","11.9","4.9","16.2","BYE","24.2","26","2.3","12.3","16.7","21","15.4","13","220.9"
"40","Chuba Hubbard","RB","CAR","1.4","9.6","25.4","20.1","15.5","12.8","11.2","8.1","20.2","22.9","BYE","14.5","2.3","18.7","6.9","30.5","-","-","14.7","220.1"
"41","Malik Nabers","WR","NYG","9.1","23.7","24.2","17.1","-","-","6.1","10.6","10.4","7.8","BYE","9.4","11.3","12.4","19.2","10.3","32.6","14.9","14.6","219.1"
"42","Aaron Jones Sr.","RB","MIN","17.9","7.3","23.3","15.9","5.8","BYE","19.1","10.5","10.2","11.1","4.8","18.4","8.3","15.4","17.6","10.8","9.7","10","12.7","216.1"
"43","CeeDee Lamb","WR","DAL","11.1","17","6.7","20.1","8.9","12.6","BYE","33.1","12.2","5.4","14.6","11.8","4.9","18.4","22.1","14","-","-","14.2","212.9"
"44","Breece Hall","RB","NYJ","15.8","20.9","16.3","2.8","5.2","19.4","23.1","9.4","9.5","10.3","27.6","BYE","6","-","12.1","11.5","5.8","16.7","13.3","212.4"
"45","Brock Bowers","TE","LV","8.8","14.3","5.6","4.1","19.7","11.6","14.3","8.3","13","BYE","24.8","5.8","25.2","6.7","5","15.4","11.1","13","12.2","206.7"
"46","Bryce Young","QB","CAR","11.6","3","-","-","3.1","-","-0.2","15.6","10.7","12","BYE","16.5","23.6","13.5","14","27.1","16.9","36.4","14.6","204"
"47","David Montgomery","RB","DET","15.8","15","19.7","14.5","BYE","20.5","6.5","14.4","11.1","12.1","23","14.8","13.9","16.9","5.5","-","-","-","14.6","203.7"
"48","Mike Evans","WR","TB","20.6","5.7","2.7","19.4","20.7","4.4","9","-","-","-","BYE","9.3","21.8","8.9","32.4","9.4","25.7","13.4","14.5","203.4"
"49","Jaxon Smith-Njigba","WR","SEA","2.9","17.7","5.4","9.1","11.1","7.8","3.8","9.9","33.5","BYE","16.8","16.7","9.9","17.1","13.3","20","4.7","3.3","11.9","203"
"50","Garrett Wilson","WR","NYJ","9","8.2","11.8","4.6","22.6","20.7","10.6","13.8","25.5","6.6","3.8","BYE","6.6","14.9","13.1","8.4","14.1","7.1","11.8","201.4"
"51","Ladd McConkey","WR","LAC","12.4","3.6","5.9","15.2","BYE","6.3","7.1","26.1","8.9","6.2","15.3","11.3","16.2","-","14.3","11.7","25.4","14","12.5","199.9"
"52","Courtland Sutton","WR","DEN","5.8","3.1","10.3","13.5","4.2","13.3","0","13.1","19.8","16","11.3","25.7","13.2","BYE","10.7","7.5","14","18.3","11.8","199.8"
"53","Davante Adams","WR","LAR","8.4","21.5","6","-","-","BYE","4.5","7.4","18.6","6.1","10.2","-","15.1","21.4","38.3","16.3","7.2","17.8","14.2","198.8"
"54","George Kittle","TE","SF","6","17.1","-","12.5","16.4","20.3","12.2","21.8","BYE","13.2","-","17.2","1.2","18.1","8.1","14.6","15.2","3.7","13.2","197.6"
"55","Jerry Jeudy","WR","CLE","10","9.8","6.7","10.2","2.1","4","2.3","10.4","10.8","BYE","23.2","11.5","36","14.9","16.3","3","15.4","9.3","11.5","195.9"
"56","Trey McBride","TE","ARI","5.5","15.7","4","-","8.3","13.6","7.6","16.9","11.2","9.1","BYE","19.3","15.6","10.5","13.2","3.5","24.3","16","12.1","194.3"
"57","D'Andre Swift","RB","CHI","5","6.2","5.2","26","19","19.9","BYE","18.9","11.2","7","15.4","8","8.4","4.5","9.4","6.8","10.1","12.5","11.4","193.5"
"58","Kirk Cousins","QB","ATL","8.2","17.5","12.1","8.5","35.4","12.5","9.2","28.6","17.8","11.2","5.9","BYE","6.1","11.8","7.5","-","-","-","13.7","192.3"
"59","Brandon Aubrey","K","DAL","21","17","11","11","10","12","BYE","6","9","7","6","12","9","9","16","21","1","14","11.3","192"
"60","Chris Boswell","K","PIT","26","9","8","8","6","17","14","14","BYE","4","24","8","16","11","8","7","4","7","11.2","191"
"61","DJ Moore","WR","CHI","7.5","8.3","11.2","9.7","25","4","BYE","4.4","5.3","4.2","10.2","23.4","19.7","7.9","11","10.5","9.2","17.6","11.1","189.1"
"62","Tua Tagovailoa","QB","MIA","18.6","8.5","-","-","-","BYE","-","14.7","17.5","9.2","23.5","28.5","25.2","23.5","6.8","12.5","-","-","17.1","188.6"
"63","Drake Maye","QB","NE","-","-","2.1","-","0","21.5","20.8","11.5","17.7","12.8","19","14.5","20.4","BYE","18.5","18.4","9.9","0","13.4","187.1"
"64","Najee Harris","RB","LAC","8.4","7.9","11.1","8.8","8.7","19.2","16.2","14.6","-","11.3","11.3","6.4","21.9","11.3","2.6","4.2","9.1","13.6","11","186.6"
"65","Tee Higgins","WR","CIN","-","-","5.4","9","24.8","11.2","16.2","-","-","-","25.3","BYE","15.4","3.3","17.3","15.8","34.6","7.3","15.5","185.6"
"66","A.J. Brown","WR","PHI","20.4","-","-","-","BYE","20.6","17.4","10.9","4.6","13.4","9","19.9","9.1","6.3","21","19.7","11.1","-","14.1","183.4"
"67","Jameson Williams","WR","DET","21.9","11.9","0.7","15","BYE","16.2","0.1","-","-","6.8","20.6","9.3","7.1","10.5","11.2","23.5","22","6.4","12.2","183.2"
"68","Jordan Addison","WR","MIN","5","-","-","21.4","5.1","BYE","8.1","3.2","13.6","3.9","13.6","26.2","7.4","35.3","9.8","12","15.9","0.5","12.1","181"
"69","Tony Pollard","RB","TEN","16.9","12.7","4.4","17.8","BYE","16.3","7.5","13.2","16.9","8.3","3.9","20.4","6.8","13.4","8.5","7","-","6.2","11.3","180.2"
"70","Denver Broncos","DST","DEN","10","6","15","11","16","3","20","7","-3","5","13","10","20","BYE","20","3","8","15","10.5","179"
"70","Cameron Dicker","K","LAC","12","10","4","6","BYE","12","21","9","3","9","12","16","12","5","6","10","17","15","10.5","179"
"72","Rico Dowdle","RB","CAR","3.7","7.9","7.1","12.6","18.4","8","-","-","19.2","7.1","4.4","9.3","19.8","14.6","14.9","6.6","9.3","15.4","11.1","178.3"
"73","Jonnu Smith","TE","PIT","1.2","8.3","2.8","0","8.6","-","19.1","4","7.1","6","25.1","19.2","16.3","11.9","15.3","9.2","10.1","14.1","10.5","178.3"
"74","Russell Wilson","QB","NYG","-","-","-","-","-","-","24.9","13.8","-","19.1","7.3","13.8","27.9","16","8.4","16.4","18.7","11.5","16.2","177.8"
"75","Tyreek Hill","WR","MIA","22.5","5.1","5.5","6.2","9.9","BYE","1.8","10.2","10","10.2","15.6","7.3","17.3","23.1","4.6","10.4","15","3","10.5","177.7"
"76","Nico Collins","WR","HOU","14.7","23.5","10.6","27.1","14.8","-","-","-","-","-","7.4","17.7","15.9","BYE","15.7","9.5","7.4","12.3","14.7","176.6"
"77","J.K. Dobbins","RB","DEN","21.4","19.6","6.9","7.7","-","17.2","8.1","14.8","23.5","7","18.4","7.4","-","BYE","-","-","14.8","9","13.5","175.8"
"78","Anthony Richardson Sr.","QB","IND","27.1","12.9","7.1","5.2","-","-","8.8","12.5","-","-","28.1","13","23.2","BYE","15.9","21.2","-","-","15.9","174.9"
"79","Jakobi Meyers","WR","LV","7.9","4.9","17.7","7.4","10.2","-","-","14.2","14.5","BYE","6.8","17.1","12.7","10.2","8.4","5.1","14.6","22.8","11.6","174.5"
"80","Rachaad White","RB","TB","13.6","2.8","6","9.4","8.1","-","26.1","13.2","11","16","BYE","11.2","8.3","23.9","13.1","7.5","3.9","0","10.9","174.1"
"81","Zay Flowers","WR","BAL","8.1","18.6","3.8","1.5","15.5","17.9","3.5","15","27.2","5.4","10.9","8.7","8.6","BYE","8.3","12.8","4.1","2.6","10.1","172.5"
"82","Ka'imi Fairbairn","K","HOU","17","20","1","6","16","12","12","11","9","13","10","11","13","BYE","9","7","0","5","10.1","172"
"83","Jauan Jennings","WR","SF","8.9","4.7","41","10.3","1.8","4.2","-","-","BYE","12.8","20.1","6.5","7.1","24.5","4.1","7.1","10.2","8.7","11.5","172"
"84","Jayden Reed","WR","GB","31.1","5.6","8.9","23.6","11.7","11.8","2","6.5","13.8","BYE","8.8","4.1","18.2","0","8.6","9.6","1.1","4.1","10","169.5"
"85","Calvin Ridley","WR","TEN","6.5","22.7","1.4","2","BYE","0.9","5.7","17.6","9.8","22.9","7.8","11.8","5.5","9.4","7.5","15.3","11.6","8.8","9.8","167.2"
"86","Puka Nacua","WR","LAR","6.2","-","-","-","-","BYE","-","14.6","1.6","14.3","21.8","16.2","14.8","35.8","14.3","9.6","17.9","-","15.2","167.1"
"87","Jason Sanders","K","MIA","10","4","3","9","12","BYE","4","11","9","15","11","12","3","16","8","21","10","8","9.8","166"
"88","Zach Charbonnet","RB","SEA","11.1","15.4","24.2","7.9","4.5","4","1.4","9.9","4.3","BYE","1.5","2.2","11.1","34.8","13.1","2.3","9.1","9.1","9.8","165.9"
"89","Marvin Harrison Jr.","WR","ARI","0.9","27","14.9","13","4.6","0","3.6","20.1","2.4","13.9","BYE","6.2","14.5","6.9","4.2","5.9","12.6","14.8","9.7","165.5"
"90","DeVonta Smith","WR","PHI","11.9","17.1","11.4","-","BYE","13.9","0.3","17.5","16.7","2.4","4.9","-","-","11.7","22.5","8.1","27","-","12.7","165.4"
"91","Chase McLaughlin","K","TB","15","10","1","11","16","9","5","8","7","8","BYE","6","16","4","18","7","12","11","9.6","164"
"92","Tyrone Tracy Jr.","RB","NYG","1.2","0.2","5","2.6","13.5","19.7","4.7","22","7.4","14.9","BYE","7","13.5","16.8","4","14.9","8.3","7.6","9.6","163.3"
"93","Minnesota Vikings","DST","MIN","22","13","13","8","16","BYE","11","1","11","13","11","7","5","7","8","6","5","5","9.5","162"
"94","Mark Andrews","TE","BAL","2.4","7.1","0","0","7.5","14.1","18.1","12.1","3.6","15.8","3.2","13.1","15.9","BYE","9.4","11.8","13.8","13.4","9.5","161.3"
"95","Darnell Mooney","WR","ATL","2","16.3","10.6","7.1","27","5.3","7.1","16.6","17.3","12.1","3.7","BYE","3.5","17.2","0","10.7","4.7","-","10.1","161.2"
"96","Jake Bates","K","DET","8","10","2","6","BYE","19","8","12","6","12","12","8","12","11","6","10","11","8","9.5","161"
"97","Wil Lutz","K","DEN","11","6","16","5","13","5","18","4","4","2","9","22","11","BYE","8","12","6","8","9.4","160"
"98","Rhamondre Stevenson","RB","NE","20.1","16","0.3","6.2","17.2","-","3.5","22","19.9","8.2","10.9","3.3","10.9","BYE","9","11.8","0.1","-","10.6","159.4"
"99","Kenneth Walker III","RB","SEA","17.9","-","-","31.6","11.1","16.9","22.3","6.5","12.2","BYE","12.9","11.3","5.6","-","-","9.9","-","-","14.4","158.2"
"99","DK Metcalf","WR","PIT","4.4","23.9","18.4","11.9","5.5","6.3","17.9","-","BYE","-","10.5","7.9","8.6","6.9","4.3","13.2","5.7","12.8","10.5","158.2"
"101","Xavier Worthy","WR","KC","19.8","3.2","4","14.8","10.3","BYE","3.9","11.7","-1","1.6","14.8","7.1","7.9","7.1","16.6","17","18.9","0","9.3","157.7"
"102","Derek Carr","QB","FA","21.3","22.8","9","9.1","13.6","-","-","-","13.4","20.5","18.7","-","14.6","13","-","-","-","-","15.6","155.9"
"103","Trevor Lawrence","QB","JAC","11.3","13.3","10.4","14.8","22.2","18.1","15","24.3","21.6","-","-","BYE","1.2","-","-","-","-","-","15.2","152.2"
"104","Rashod Bateman","WR","BAL","6.3","5.5","10.3","2.8","13.8","9.1","20.1","3.3","4","14.4","4","11.3","0","BYE","21.5","7.9","1.7","16.1","8.9","152.1"
"105","Keenan Allen","WR","LAC","4.9","-","-","3.4","4.8","18.6","-","4.9","5.6","6.9","6.1","19.1","21.8","4.5","17.2","24.6","5","3","10","150.4"
"106","Brian Robinson Jr.","RB","WAS","16.4","14.1","10.2","18.8","13.8","-","13.1","8.1","-","-","13.7","2.9","17.4","BYE","10.2","1.1","7.9","2.1","10.7","149.8"
"107","Green Bay Packers","DST","GB","7","11","21","7","13","10","4","5","2","BYE","6","12","8","2","15","17","3","5","8.7","148"
"108","Josh Downs","WR","IND","-","-","3.7","18.2","11.4","16","0.8","20.2","9","10.7","16.9","4.2","-","BYE","4.7","13.6","3.7","14.4","10.5","147.5"
"109","Quentin Johnston","WR","LAC","5.3","19.6","11.4","1.8","BYE","3.7","-","-","20","9.4","11.8","0","2.2","13.3","13","3.3","7.3","25.1","9.8","147.2"
"110","Travis Kelce","TE","KC","4.9","1.1","5","12.4","11.5","BYE","3.7","20","15","16.4","1.8","9.2","10.3","7","4.7","5.5","18.4","-","9.2","146.9"
"111","Tyler Bass","K","BUF","10","8","12","6","8","5","10","7","14","13","6","BYE","5","6","15","8","8","5","8.6","146"
"111","Pittsburgh Steelers","DST","PIT","12","13","9","2","11","13","8","15","BYE","5","9","7","15","10","7","2","-1","9","8.6","146"
"113","Daniel Carlson","K","LV","4","18","2","10","5","1","16","10","7","BYE","7","15","5","7","5","8","15","10","8.5","145"
"114","Sam LaPorta","TE","DET","6.5","2.3","4.6","7.3","BYE","11.7","3","13.8","3.8","14.1","-","3.4","14.1","7.9","14.6","12.3","15.4","9.8","9","144.6"
"115","Khalil Shakir","WR","BUF","11.7","8.1","16.2","8.2","-","2.9","10","15.4","8","8.8","11","BYE","5","19.1","12.9","3.2","4","-","9.6","144.5"
"116","Zach Ertz","TE","WAS","4.3","8.2","6.3","5.7","2","8.8","12","11.2","1","5.1","15.7","12.8","11","BYE","3.5","1.7","22.2","12.9","8.5","144.4"
"117","Kareem Hunt","RB","KC","-","-","-","9.5","18.2","BYE","21.3","12.8","18.2","13.5","6","10.2","2.5","3.4","5.4","14.9","8","-","11.1","143.9"
"118","Jameis Winston","QB","NYG","-","0.4","0.1","-","0.3","0","8.7","23.6","13.1","-","26.6","14.5","36","17.3","2.6","-","-","-","11.9","143.1"
"119","Justin Tucker","K","FA","8","13","4","5","13","13","13","7","11","3","6","7","9","-","5","12","9","5","8.4","143"
"120","Alec Pierce","WR","IND","20","14.1","4.9","1.4","20.9","0","2.5","1.6","5.6","16.1","8.9","4.4","8.6","BYE","0","-","21.2","12.7","8.9","142.9"
"121","Daniel Jones","QB","IND","6.9","18.3","19.4","10.5","22.1","12.8","6","7.7","24.4","14.2","-","-","-","BYE","-","-","-","-","14.2","142.3"
"122","Cooper Kupp","WR","SEA","25","5.7","-","-","-","-","-","13.6","15.9","11.5","25.6","16","3.2","17.7","0","3.9","3.4","-","11.8","141.5"
"123","Jake Elliott","K","PHI","10","7","1","2","BYE","10","4","15","5","10","8","13","6","2","10","19","11","8","8.3","141"
"124","Jason Myers","K","SEA","10","12","8","3","10","6","12","4","2","BYE","12","6","11","12","9","7","8","8","8.2","140"
"125","Houston Texans","DST","HOU","4","15","3","2","2","12","9","10","2","10","19","19","3","BYE","15","1","2","11","8.2","139"
"125","Matt Gay","K","WAS","-","4","3","9","10","8","12","9","10","8","14","6","5","BYE","8","8","9","16","8.7","139"
"127","Tucker Kraft","TE","GB","4.7","2.6","3.4","14.3","22.8","2.5","10.8","15.3","5.6","BYE","0","9.6","10.8","11.6","4.4","8","6.3","5.6","8.1","138.3"
"128","Wan'Dale Robinson","WR","NYG","8.8","8.8","9.6","12.6","13","7.5","5.3","5.5","2.5","7.6","BYE","7.2","1.6","5.8","5.8","9.7","15.6","9.3","8","136.2"
"129","Seattle Seahawks","DST","SEA","9","6","13","1","11","2","16","2","5","BYE","5","20","14","7","1","3","16","5","8","136"
"130","Pat Freiermuth","TE","PIT","4.7","5.9","5.3","14.2","7.7","2.6","6.1","2.9","BYE","9.2","2.4","7.9","15.8","12.3","9.7","3.1","7.5","18.5","8","135.8"
"131","Joshua Karty","K","LAR","9","4","9","15","1","BYE","2","4","8","19","4","2","3","8","13","8","9","17","7.9","135"
"131","Philadelphia Eagles","DST","PHI","3","1","7","3","BYE","9","15","6","9","20","6","8","4","4","8","7","19","6","7.9","135"
"133","George Pickens","WR","DAL","10.5","3.9","8.2","12.8","4.1","6.8","19.6","9.4","-","18","12.9","6.8","14.9","-","-","-","6.5","0.5","9.6","134.9"
"134","Buffalo Bills","DST","BUF","5","18","13","-1","5","6","11","9","3","19","6","BYE","12","-4","1","14","13","3","7.8","133"
"135","Will Levis","QB","TEN","8.7","12.5","15.6","0.5","BYE","8.3","-","-","-","19.1","16.6","17.1","16.2","7","-1.4","-","-","11.8","11","131.9"
"136","Javonte Williams","RB","DAL","2.8","9","4.1","9","13.6","3.1","24.6","7.2","9.4","1.7","16.7","1.4","6.9","-","3.3","8.8","1","9.3","7.8","131.9"
"137","Michael Pittman Jr.","WR","IND","5.1","3.6","5.6","14.3","12.2","11","7.8","2.1","1.9","-","7.1","12.6","6.7","BYE","6.8","2.9","21.4","10.2","8.2","131.3"
"138","Blake Grupe","K","NO","22","8","6","7","1","10","4","8","12","8","5","BYE","10","2","10","0","4","14","7.7","131"
"138","Will Reichard","K","MIN","4","11","12","7","16","BYE","15","8","3","-","-","-","-","6","15","12","11","11","10.1","131"
"140","Deebo Samuel Sr.","WR","WAS","16.2","14","-","8.7","2.5","19.2","0","10.6","-","10.1","4.1","2.6","2","4.5","3.4","21.6","8.6","-","8.5","128.1"
"141","Los Angeles Chargers","DST","LAC","14","11","5","8","BYE","7","3","12","18","8","3","0","19","4","1","2","10","3","7.5","128"
"142","Jalen Tolbert","WR","DAL","1.7","11.2","11.7","3.9","18.2","6.3","BYE","5.9","9.4","2.9","3.1","9.2","5.1","0","7.6","9","10.5","11.8","7.5","127.5"
"143","Cam Little","K","JAC","7","7","5","11","14","4","6","10","1","1","8","BYE","6","4","15","2","10","15","7.4","126"
"144","Tank Bigsby","RB","JAC","7.3","0","0.9","9","25.4","2.4","23.8","9.6","2.2","0.4","-","BYE","4","12.7","4.2","9.6","3.3","10.7","7.8","125.5"
"145","Chad Ryland","K","ARI","-","-","-","-","11","8","5","10","11","7","BYE","6","17","4","14","15","3","14","9.6","125"
"146","Dak Prescott","QB","DAL","11.5","14.9","29.9","16.7","18.4","5.2","BYE","15.6","12.3","-","-","-","-","-","-","-","-","-","15.6","124.5"
"147","Detroit Lions","DST","DET","5","8","7","7","BYE","18","6","16","9","8","10","7","6","2","-4","7","5","6","7.2","123"
"148","Chicago Bears","DST","CHI","24","6","5","8","14","9","BYE","3","7","4","4","4","4","-1","5","0","12","13","7.1","121"
"149","Jaylen Waddle","WR","MIA","13.7","6.5","4.6","5.6","6.6","BYE","1.6","6.5","6.6","7.1","4.7","24.4","9.3","16.4","0","-","0","7","7.5","120.6"
"150","Justin Fields","QB","NYJ","11.9","11.4","19.4","32","15.9","23.7","-","-","-","-","1.7","2.6","0.7","-","0.8","-","-","-","12","120.1"
"151","Joey Slye","K","TEN","10","8","4","11","4","3","5","5","7","13","11","1","12","-","7","3","1","15","7.1","120"
"151","Baltimore Ravens","DST","BAL","4","7","5","9","1","5","6","3","10","4","7","4","2","BYE","6","14","17","16","7.1","120"
"151","Younghoe Koo","K","ATL","4","10","7","20","17","12","2","7","3","5","9","BYE","8","7","9","-","-","-","8.6","120"
"154","Nick Westbrook-Ikhine","WR","MIA","0","0","0","0","-","7.4","8","10.9","13.5","4.6","18.7","11.8","19.6","2.4","1.9","8.7","5.2","7","7","119.7"
"155","Alexander Mattison","RB","MIA","14.2","6.1","11.9","6","9.1","15","13.8","6.9","3.6","-","8.4","-","-","-","1.4","13.6","4.3","5.1","8.5","119.4"
"156","DeAndre Hopkins","WR","BAL","1.3","1.4","16.3","4.1","-","7.4","0.3","3.9","24.6","7.6","4.4","12","11","11.2","6.1","5.7","1.7","-","7.4","119"
"157","Los Angeles Rams","DST","LAR","4","-1","3","3","10","BYE","17","6","22","7","9","-3","1","4","12","9","14","1","6.9","118"
"157","Jake Moody","K","SF","26","5","6","13","8","-","-","-","BYE","12","5","5","4","8","9","5","4","8","8.4","118"
"159","Rome Odunze","WR","CHI","1.6","4.3","20.4","1.5","6.5","5","BYE","6.9","12.9","3.8","9.5","6.4","3.5","18.2","4.9","7.7","2","2.8","6.9","117.9"
"160","Jalen McMillan","WR","TB","9.7","2.6","1.1","-","-","0","4.1","7.2","-","-","BYE","1.6","3.5","19.9","16","14.2","20.5","16.5","9","116.9"
"161","David Njoku","TE","CLE","6.4","-","-","-","1.9","5.6","18.6","14.6","5.4","BYE","14.6","3.4","21.7","13.7","-","10.6","-","-","10.6","116.5"
"162","Adam Thielen","WR","CAR","6.4","3","11.5","-","-","-","-","-","-","-","BYE","7.2","19.9","14.7","7.6","12.8","25.5","6.9","11.6","115.5"
"163","Jerome Ford","RB","CLE","15.9","6.9","8.5","12","6.4","1.4","-","-","1.2","BYE","5.9","3.2","6.7","6.2","17.4","21.6","2.2","-","8.3","115.5"
"164","Austin Seibert","K","FA","-","22","9","11","10","15","17","13","9","-","-","9","-","-","-","-","-","-","12.8","115"
"165","Austin Ekeler","RB","WAS","8.2","10","12.7","-","10.7","8.8","3","6.8","15.8","17.6","13.6","3.4","-","BYE","-","-","-","4.2","9.6","114.8"
"166","DeMario Douglas","WR","NE","2.2","0","11.3","2.8","8.9","18.2","2.4","2.2","7","7","7.9","8.8","4","BYE","8.6","5.9","12.6","4.9","6.7","114.7"
"167","Cooper Rush","QB","BAL","-0.1","0.2","-","-","-","1","-","-","11","-2","17.4","18","11.8","14.8","19.1","15.3","8.1","-","9.5","114.6"
"168","Tank Dell","WR","HOU","7.4","1.8","8.7","-","5.3","15.2","0","11.5","15.6","5.8","7.8","8.7","2.8","BYE","5.1","18.8","-","-","8.2","114.5"
"169","Chris Godwin","WR","TB","18.3","21.2","14.3","9.9","9.1","30","10","-","-","-","BYE","-","-","-","-","-","-","-","16.1","112.8"
"170","Hunter Henry","TE","NE","2.8","14.9","1.9","2.2","4.2","11.6","13.2","7","9.1","1.9","9.3","6.9","11","BYE","4.5","11.9","0","-","7","112.4"
"171","Cade Otton","TE","TB","1","-0.4","6.2","8.2","5.9","8.5","14","24.6","17.7","6","BYE","3.5","4","8.5","3.4","-","-","-","7.9","111.1"
"172","Dallas Cowboys","DST","DAL","17","1","-1","4","6","-1","BYE","1","4","8","2","22","17","4","15","8","-4","8","6.5","111"
"173","Travis Etienne Jr.","RB","JAC","10.9","13.3","10.5","6.5","9","-0.1","-","-","4","4.8","4.8","BYE","7.3","9","10.5","4.7","8","7.5","7.4","110.7"
"174","Marvin Mims Jr.","WR","DEN","0","1.5","1.4","0","2.9","0","2.8","1.3","0.9","5","12.3","5.7","18.4","BYE","4","8","26.2","19.6","6.5","110"
"175","Ray-Ray McCloud III","WR","ATL","7.2","6","4.7","8.2","9.6","2.8","1.9","4.1","11","5.1","7.6","BYE","11.3","12.1","1.9","4.2","3.2","8.6","6.4","109.5"
"176","Jordan Mason","RB","MIN","21.7","16.9","9.8","23","8.3","8.7","7.9","1.8","-","0.5","1.3","1.8","7.8","-","-","-","-","-","9.1","109.5"
"177","Romeo Doubs","WR","GB","7","7.7","2.3","5.9","-","18.4","13.4","8.7","4.8","BYE","2.2","6.9","-","-","17.5","3","11.3","-","8.4","109.1"
"178","Cairo Santos","K","CHI","13","11","6","7","6","5","BYE","1","13","3","9","9","2","1","6","5","4","8","6.4","109"
"178","Mike Gesicki","TE","CIN","3.3","12.6","6.7","-0.4","4.1","0","0.7","8.8","24.5","5","0","BYE","7.8","3.9","5.2","2.4","13.6","10.8","6.4","109"
"180","Demarcus Robinson","WR","SF","6.2","6","3.7","4.7","10.3","-","1.4","16.5","24.4","2.8","2.9","8.5","11.9","0","0","0","0","8.7","6.4","108"
"180","Nick Folk","K","NYJ","6","6","2","24","-","6","4","2","8","5","8","18","9","7","3","-","-","-","7.7","108"
"182","Kyle Pitts Sr.","TE","ATL","10.1","3.5","6.9","0","12.3","8.5","10","23.1","1.6","7.5","1.4","BYE","0","1.9","4.8","1.2","12.4","2.5","6.3","107.7"
"183","Ray Davis","RB","BUF","3.2","3.3","8.8","1.1","0.9","16.7","11.2","2.9","16","0.6","1.1","BYE","13.2","0","9.9","3.4","1.8","13.5","6.3","107.6"
"184","Allen Lazard","WR","NYJ","23.9","2.1","12.3","8.3","11.4","20.4","7.8","-","-","-","-","BYE","-","2.3","0","3","1.4","14.6","9","107.5"
"185","Eddy Pineiro","K","FA","5","3","13","7","4","9","1","2","6","10","-","13","12","4","2","6","2","8","6.3","107"
"186","Gardner Minshew II","QB","KC","11.8","13.9","15","5","9.7","BYE","1.4","15","3","-","19","12.7","-","-","-","-","-","-","10.6","106.3"
"187","Justice Hill","RB","BAL","8.5","4.2","6.4","18.6","3","0.9","12.3","2.4","7.3","0.8","6.1","13.2","4.1","BYE","15.3","3","-","-","7.1","106.1"
"188","Joe Flacco","QB","CLE","-","-","-","15","26.6","14.7","-","0","4.1","13.9","-","-","-","-","-","-","17.3","14.6","13.3","106"
"188","Kansas City Chiefs","DST","KC","4","11","5","6","7","BYE","8","8","2","5","1","2","6","4","21","7","13","-4","6.2","106"
"190","Tre Tucker","WR","LV","3.2","2.3","19.1","12.9","3.6","0","6.2","4.3","1.5","BYE","5","11.7","13.4","1.7","2.8","4.3","9.9","3.9","6.2","105.8"
"191","Ameer Abdullah","RB","SF","0","1.2","2.3","0","12.6","3.3","0","1.6","4.1","-","9.2","15","6.3","0.3","16.1","17","16.2","-","6.6","105.2"
"192","Jaylen Warren","RB","PIT","3","7.1","0.6","-","-","3.3","6.9","6.9","BYE","8.5","8.8","13.9","8.4","8.2","2","11.7","13.7","2.1","7","105.1"
"193","Mason Rudolph","QB","PIT","-","-","-","3.4","-","-","10.9","21.5","18.5","-","-","-","-","-","16.8","17.4","13","3.3","13.1","104.8"
"194","Mac Jones","QB","SF","-","-","-1.1","-","-","0.2","-","-","BYE","7.2","5.2","-","20","7.1","20.7","13.9","17.2","13.7","10.4","104.1"
"195","Cincinnati Bengals","DST","CIN","2","9","-2","2","1","8","15","-4","10","-4","3","BYE","8","8","19","18","4","7","6.1","104"
"195","Tampa Bay Buccaneers","DST","TB","3","5","2","11","4","17","0","3","5","5","BYE","10","3","10","8","1","14","3","6.1","104"
"197","Isaiah Likely","TE","BAL","21.6","3.6","0.9","3.1","14.8","3.7","2.7","6.7","0","-","7.5","0","12.3","BYE","2.7","10.4","7.4","5.3","6.4","102.7"
"198","Andrei Iosivas","WR","CIN","4.1","13.7","13.7","3.4","4.4","4.6","0","0","7.5","3.9","6.1","BYE","11","6.1","1","12.8","7.4","2.2","6","101.9"
"199","Michael Wilson","WR","ARI","7","4.1","10.4","3.3","10.3","9.1","2","11.6","0","3.9","BYE","6.4","8","12.7","1.9","5.4","4.9","-","6.3","101"
"199","Arizona Cardinals","DST","ARI","9","11","5","-2","9","1","8","3","12","12","BYE","11","7","-1","5","-1","4","8","5.9","101"
"201","Calvin Austin III","WR","PIT","1.2","1.1","17.5","2.2","1.1","4.6","4.1","18.9","BYE","3","0.4","15.3","9.9","0.9","9","8.5","5.1","-2","5.9","100.8"
"202","Amari Cooper","WR","FA","2.6","2.6","24.1","5.5","8","6.2","14.6","0.8","-","-","6.5","-","2.7","12.5","0","1.5","13.1","-","7.2","100.7"
"203","Xavier Legette","WR","CAR","5.5","0","5.2","16.6","1.3","9.8","1.9","11.4","11.9","5.5","BYE","7.6","7.3","4.9","1.9","-","5.3","4.5","6.3","100.6"
"204","Kayshon Boutte","WR","NE","-","-","0.7","1.6","4.4","13.4","3.8","6.1","2.8","6.7","5.3","1.1","7.6","BYE","2.9","18","4.8","21.2","6.7","100.4"
"205","Harrison Butker","K","KC","9","10","13","5","14","BYE","4","10","7","10","-","-","-","-","3","10","5","0","7.7","100"
"206","Tyler Allgeier","RB","ATL","2.1","7","3.2","9","4","19.3","5","3.3","7.8","5.9","0.4","BYE","2.7","12.3","4.3","3.6","1.9","7.9","5.9","99.7"
"207","Brandon McManus","K","GB","-","-","-","-","-","-","7","12","6","BYE","2","10","13","7","12","13","5","12","9","99"
"208","Tyjae Spears","RB","TEN","5.2","4.1","8.1","10.9","BYE","2.7","-","-","-","6.6","1.8","-","0.3","2.8","24.2","20.1","11.8","-","8.2","98.6"
"209","Stefon Diggs","WR","NE","18.9","5.7","14.9","16","11.2","16.7","4.8","10.2","-","-","-","-","-","BYE","-","-","-","-","12.3","98.4"
"210","New Orleans Saints","DST","NO","14","8","11","4","4","9","2","5","3","8","4","BYE","2","10","9","-1","3","3","5.8","98"
"211","Juwan Johnson","TE","NO","9.6","0","0","2.3","5.6","6.3","3.3","6.3","5.1","3.2","10.5","BYE","6.1","13","2.2","3.7","9.6","11","5.8","97.8"
"212","Aidan O'Connell","QB","LV","-","-","7.3","-","2.8","12.1","2.1","-","-","BYE","-","-","19.6","7.8","-","11.5","17.6","16.9","10.8","97.5"
"213","Atlanta Falcons","DST","ATL","3","3","2","17","2","5","0","6","3","1","-3","BYE","11","0","20","25","6","-4","5.7","97"
"213","Keon Coleman","WR","BUF","7.1","0","8.9","6.6","11.4","4.1","14.5","15.5","4.6","-","-","BYE","-","-","6.9","2.2","10.2","5","7.5","97"
"215","Cole Kmet","TE","CHI","0.9","4.7","20.7","4.9","7.2","21.5","BYE","3.9","0","2.3","5.7","9.9","4.1","0","1.9","7.9","0","1.3","5.7","96.9"
"216","Tyler Lockett","WR","TEN","10.7","2.5","7.1","8.6","9.5","14.5","6.5","1.4","13.8","-","2.9","3","3.1","0","2.7","2.9","3.5","3.8","5.7","96.5"
"217","Tyler Conklin","TE","LAC","1.1","1.5","11.8","3.7","8.5","2","8.7","11.7","0.2","1.3","1.2","-","5.2","4.8","-","8.4","17.7","8.6","6","96.4"
"218","New York Jets","DST","NYJ","2","11","16","6","9","2","-3","2","14","0","3","BYE","16","-1","6","3","-4","13","5.6","95"
"219","Evan McPherson","K","CIN","6","16","9","13","4","5","3","5","12","4","9","BYE","8","-","-","-","-","-","7.8","94"
"220","Noah Gray","TE","KC","5.2","0","1.8","6","3.9","BYE","8.6","3.8","0","2.8","16.3","20.6","7.8","4.6","9.1","1.5","1.1","0.2","5.5","93.3"
"221","Antonio Gibson","RB","NE","1.8","10.8","5.2","9.4","6.1","5.8","1.8","0.7","1.6","2.6","2.5","5","12.2","BYE","7.4","4.6","6.3","8.1","5.4","91.9"
"222","Taysom Hill","TE","NO","4.1","2.4","-","14.4","-","-","-","5.2","14","6","38.5","BYE","7.2","-","-","-","-","-","11.5","91.8"
"223","Dalton Schultz","TE","HOU","3.1","3.1","2.1","4.9","5.4","4.7","3.3","7.2","3.6","8.1","5.8","3","14.6","BYE","2.3","13","3.1","4.4","5.4","91.7"
"224","New York Giants","DST","NYG","5","5","13","2","18","7","4","6","0","4","BYE","1","0","7","1","2","13","3","5.4","91"
"224","Dontayvion Wicks","WR","GB","0","10.1","0","22.3","3","1.4","12.3","2.1","0","BYE","0","3","5","6.9","2.4","8.8","6.3","7.4","5.4","91"
"224","Indianapolis Colts","DST","IND","5","3","11","8","0","3","10","4","16","6","3","3","6","BYE","7","6","-4","4","5.4","91"
"227","Christian Watson","WR","GB","8.8","0","7.7","0","-","14.3","1","5.9","7.2","BYE","17","0.4","7.7","11.4","7.1","2.3","-","0","6.1","90.8"
"228","Darius Slayton","WR","NYG","4.1","4.8","1.2","7.1","22.2","8.7","1.6","12.8","7.5","-","BYE","0","1.8","3.7","2.1","3.2","9.7","0","5.7","90.5"
"228","Emanuel Wilson","RB","GB","5.8","0.9","15.5","2.7","2","7.8","1.1","1.3","9.4","BYE","1.7","4.1","2","0.7","0.9","12.1","8.9","13.6","5.3","90.5"
"230","Elijah Moore","WR","BUF","2.4","7.4","2.7","1.6","2.6","0.8","7.1","12.5","4.3","-","15.6","3.6","15.2","4.9","0.9","3.1","0.6","5.1","5.3","90.4"
"231","Washington Commanders","DST","WAS","-3","4","1","7","13","3","16","6","4","6","2","4","7","BYE","6","7","4","3","5.3","90"
"232","Olamide Zaccheaus","WR","CHI","2","2.9","0","11.5","1.5","4.7","4.5","0","5.8","-0.7","1.5","1.3","2.9","-","5.1","21.5","19.3","6.1","5.3","89.9"
"233","Jalen Nailor","WR","MIN","8.6","12.9","10.9","1.6","0","BYE","9.6","2.6","7.2","0.9","0","7","2.3","0","1","1","16.6","6.8","5.2","89"
"234","KaVontae Turpin","WR","DAL","6","1.6","12.7","0","6.4","3","BYE","3.2","5.1","0","16.1","7.3","7.5","3.6","2.7","2.3","3.9","7.3","5.2","88.7"
"235","Joshua Palmer","WR","BUF","2.5","2.9","-","5.1","-","4.8","8.3","8.2","13.3","4.1","3.3","5.3","3.6","10.8","2","7.6","6.1","-","5.9","87.9"
"236","Chig Okonkwo","TE","TEN","8.5","3.1","2.5","1","BYE","2.1","7","0.4","5.3","1.9","2.9","13.5","4.2","2.3","9.9","14.6","8.4","0","5.2","87.6"
"237","Foster Moreau","TE","NO","12.3","0","0.7","0","8.3","6.4","4.8","0","8.2","0","6.5","BYE","1.6","5","11.9","4.3","12.2","5.1","5.1","87.3"
"238","Isaac Guerendo","RB","SF","0","0","1.9","-2","2.2","9.9","1.2","17.7","BYE","0","0","0","8.1","25.8","9.5","-","11.9","0.5","5.4","86.7"
"239","Cam Akers","RB","NO","-","2","9.4","5.3","11.7","-0.1","0","-","6.3","5.2","10.6","3","2.2","3.7","8.4","0.3","10.3","7.9","5.4","86.2"
"240","Austin Hooper","TE","NE","4.1","1","2.4","8.3","1.4","-1","5.2","3","1.3","7.9","5.5","13.9","12.2","BYE","5.3","7.5","3.4","4.7","5.1","86.1"
"240","Devin Singletary","RB","NYG","7.2","14","16.8","4.3","-","0","2.6","3.3","3.3","5","BYE","8","2.3","0.8","11.6","1.2","3.5","2.2","5.4","86.1"
"242","Devaughn Vele","WR","DEN","7.9","-","-","-","-","9.8","2.5","4.3","2.1","11.9","8.6","11","2.1","BYE","0","9.1","3.7","13","6.6","86"
"243","Jaleel McLaughlin","RB","DEN","3.3","0.6","7.9","5.1","10","3.5","3.5","12.1","3.5","1.2","1.9","4.4","8.9","BYE","4.9","-","8.6","5.8","5.3","85.2"
"244","Drew Lock","QB","SEA","-","-","-","-","-","-","1.5","-","-","BYE","-","0.1","15.8","16","-","8.5","34.4","8.8","12.2","85.1"
"245","Will Dissly","TE","LAC","1.8","4.4","3.4","3.4","BYE","4.6","12.1","6.6","1.9","5.5","16","6.7","0","2.9","-","-","3.1","12.7","5.7","85.1"
"246","Dustin Hopkins","K","CLE","7","13","1","6","9","12","0","12","4","BYE","0","4","7","2","-","0","3","4","5.3","84"
"246","San Francisco 49ers","DST","SF","6","8","3","22","11","7","5","6","BYE","3","7","-2","-4","13","4","-1","0","-4","4.9","84"
"246","Miami Dolphins","DST","MIA","6","0","7","2","6","BYE","3","0","2","9","6","12","-1","3","7","6","12","4","4.9","84"
"249","Mack Hollins","WR","NE","9.5","0","2.1","1","3.7","7.3","0","0","11.5","10.6","3.7","-","7.2","13.7","1.2","3.5","4.3","4","4.9","83.3"
"250","Ty Johnson","RB","BUF","0.7","3.7","12.1","6.3","1.5","3.4","6.9","0","2.3","4.7","1.8","BYE","4.2","12.5","14.8","3","3","1.8","4.9","82.7"
"251","Dallas Goedert","TE","PHI","5.1","5.3","22","9.7","BYE","0","-","-","-","9.5","8.6","3.9","11","-","-","-","-","7.5","8.3","82.6"
"252","Cleveland Browns","DST","CLE","2","10","6","11","6","10","3","3","6","BYE","1","7","3","3","0","6","5","-1","4.8","81"
"253","Parker Washington","WR","JAC","0.8","0","2.8","0","0","0","6","6.1","5.6","0","1.5","BYE","21.3","2.5","6.9","8.4","10.6","8.5","4.8","81"
"254","Noah Fant","TE","CIN","2.1","1.9","9","3.6","3.9","9.3","8.5","3.7","-","-","-","BYE","4.1","3.3","3","6.5","6.3","14.8","5.7","80"
"255","Deshaun Watson","QB","CLE","12.7","15.4","16.4","13.2","8.4","8.4","5.1","-","-","BYE","-","-","-","-","-","-","-","-","11.4","79.7"
"256","Dalton Kincaid","TE","BUF","1.6","5.3","11.6","7.2","4.4","8.1","6.7","11.1","5.2","3.4","-","BYE","-","-","7.3","3.5","3.4","-","6.1","78.8"
"257","Ricky Pearsall","WR","SF","-","-","-","-","-","-","3.6","9.7","BYE","15.3","0","0","0","1","2.1","5.7","24.7","15.9","7.1","78"
"258","Tutu Atwell","WR","LAR","0","6.3","11.3","10.2","9.5","BYE","8.1","2.3","2.1","1.1","2.6","4.5","4.9","6","1.1","1.7","0","6.2","4.6","77.9"
"259","Jalen Coker","WR","CAR","-","-","-","0","8.8","4.5","1.5","15.8","4.6","5.6","BYE","-","-","-","19","1.8","4.5","10.5","7","76.6"
"260","Tim Patrick","WR","DET","-","2.2","1.3","6.2","BYE","8.3","3.5","0","2.2","0","4.1","7.5","5.8","19.3","11","0","2","2.5","4.7","75.9"
"261","Braelon Allen","RB","NYJ","2.2","18.6","8.3","5.1","3.3","0.8","1.1","9.2","0.9","3.9","0.6","BYE","3.7","10.1","0.5","1.5","2.6","3.3","4.5","75.7"
"262","Marquez Valdes-Scantling","WR","SEA","2.4","0","1.2","0","0","0","-","-","1","24.4","15.7","-","10.6","7.1","7.8","-","0","4.8","5.4","75"
"263","Jake Ferguson","TE","DAL","3","-","12.5","8.4","10","2.6","BYE","5.3","10.6","2.4","1.6","-","-","4.7","3.3","7","1.3","2.2","5.4","74.9"
"264","Diontae Johnson","WR","CLE","2.9","3","22.2","17.8","4.4","16.8","2.2","-","0","1.1","0","0","-","-","-","-","-","2.2","6.1","72.6"
"265","Spencer Rattler","QB","NO","-","-","-","-","-","14.4","6.3","6.2","-","-","-","BYE","-","-","9.4","5.9","15.3","14.7","10.3","72.3"
"266","Tennessee Titans","DST","TEN","8","2","3","10","BYE","3","0","0","11","0","4","10","0","9","6","-1","3","4","4.2","72"
"267","Greg Dortch","WR","ARI","8.1","2.1","5","5.8","1.2","3.1","7","1.4","0","0.4","BYE","1","1.7","1","8.1","3.2","3.3","19.4","4.2","71.8"
"268","Brenton Strange","TE","JAC","0","8","8.2","3.4","10.4","1.6","0","8.4","0","3.5","1.1","BYE","1.9","2.6","12.8","1.2","0","8","4.2","71.1"
"269","Jacksonville Jaguars","DST","JAC","4","3","-2","4","5","3","9","2","10","11","-4","BYE","2","9","0","3","9","3","4.2","71"
"269","Las Vegas Raiders","DST","LV","1","4","-2","9","2","2","4","3","5","BYE","1","0","6","9","9","6","12","0","4.2","71"
"269","Jordan Akins","TE","FA","4.2","1.5","4.9","1.5","9.7","0","6.2","0","4.7","-","2.4","5.3","0","1.9","4.5","1.3","7.9","15","4.2","71"
"272","Zack Moss","RB","FA","13.1","5.2","18.2","15.8","6.7","0","5.5","5.9","-","-","0","-","-","-","-","-","-","-","7.8","70.4"
"273","Rashid Shaheed","WR","NO","14.8","18.9","0","11.7","16.6","7.8","-","-","-","-","-","BYE","-","-","-","-","-","-","11.6","69.8"
"274","Roschon Johnson","RB","CHI","-","-","8.2","8.6","14.5","4.3","BYE","6.6","3.1","0.6","10.6","7.7","0","-","-","0.3","0.5","4.4","5.3","69.4"
"275","David Moore","WR","CAR","1.9","0","0","0","2.3","2.7","0","5.9","3","2.8","BYE","17.1","6.5","3.5","2.9","10.9","2.2","7.4","4.1","69.1"
"276","Noah Brown","WR","WAS","-","7.1","4.4","4.1","-","7.8","2.1","14.8","8.5","4.8","0.9","10.1","4.2","BYE","-","-","-","-","6.3","68.8"
"277","Samaje Perine","RB","CIN","1.5","0.8","5.5","7.4","2.9","-","3.3","4","11.5","4.7","1.8","3.4","2","2.4","3.9","6.5","3.9","1.9","4","67.4"
"278","T.J. Hockenson","TE","MIN","-","-","-","-","-","BYE","-","-","4.2","11.2","2.3","14.9","4.3","6.5","7.7","3.7","9.3","1.9","6.6","66"
"278","Greg Joseph","K","FA","-","-","3","19","11","1","3","14","-","-","-","-","-","-","9","-","-","6","8.3","66"
"278","Evan Engram","TE","DEN","1","-","-","-","-","13.2","6","11.6","9","7","5.3","-","7.6","5.3","-","-","-","-","7.3","66"
"281","Cedric Tillman","WR","CLE","0.8","0.7","0.9","0","0","-0.5","14.1","25.4","16.5","BYE","6.2","1.8","-","-","-","-","-","-","6","65.9"
"282","Miles Sanders","RB","DAL","2.2","4","10","6.1","4.3","1.8","3.3","8","0","0.5","-","-","-","-","-","-","-","25.1","5.9","65.3"
"283","Andy Dalton","QB","CAR","0","-","24.6","16.7","4.7","16.9","2","-","-","-","BYE","-","-","-","-","-","-","-","10.8","65"
"284","Sterling Shepard","WR","TB","-","-","0","6.6","6.9","6.9","4","3.3","8.9","1.5","BYE","4.1","6.2","8.3","2.1","3.9","-","1.6","4.6","64.3"
"285","Sean Tucker","RB","TB","0","0","0.4","2.2","0","32.7","4.3","2","2.2","0","BYE","7.5","0","4.7","1.7","0","4.9","1.6","3.8","64.2"
"286","Tyler Huntley","QB","CLE","-","-","-","11.8","7.5","-","9.5","-","-","BYE","-","-","-","-","-","-","24.2","10.7","12.7","63.7"
"287","AJ Barner","TE","SEA","0","0","2.8","9.7","1.8","1.8","1","4.4","4.7","BYE","2.5","3.4","8.4","1.8","1","8.3","0","11.9","3.7","63.5"
"288","New England Patriots","DST","NE","11","3","2","5","10","0","-1","1","4","16","-1","9","4","BYE","-1","4","-4","1","3.7","63"
"289","Gus Edwards","RB","FA","3.3","5.9","0.9","1.9","-","-","-","-","-","5.5","2.7","7.1","3.8","9.6","2.3","19.6","-","-","5.7","62.6"
"290","Anders Carlson","K","FA","-","-","-","-","-","-","8","16","-","-","11","-","1","16","7","3","-","-","8.9","62"
"291","Raheem Mostert","RB","LV","2.9","-","-","-","10.8","-","3","15.5","7.8","4.4","-0.2","0.7","4.4","-","3.6","5.6","2.9","0","4.7","61.4"
"292","Nick Chubb","RB","HOU","-","-","-","-","-","-","9.7","5.2","4","-","5","18.5","11.5","4.8","2.1","-","-","-","7.6","60.8"
"293","Chris Olave","WR","NO","2.1","10.8","17.6","12.7","2","-1","-","14.7","1.8","-","-","BYE","-","-","-","-","-","-","7.6","60.7"
"294","Jeremy McNichols","RB","WAS","0","0","0.1","19.9","10.4","0.9","4.2","-0.1","2","6.7","1.1","2.2","3.2","BYE","0.9","5.8","2","0","3.5","59.3"
"295","Brayden Narveson","K","FA","11","12","13","3","7","11","-","-","-","-","-","-","-","-","-","2","-","-","8.4","59"
"296","Tyler Boyd","WR","FA","3.3","3.6","4.8","4.1","-","3.4","6.8","2.9","0.3","0","4.4","8.5","5.2","1.2","4.9","3","2.4","-","3.7","58.8"
"297","Christian Kirk","WR","HOU","3.5","0.4","11.9","15.6","10.8","5.4","2.9","6.9","-","-","-","-","-","BYE","-","-","-","-","7.2","57.4"
"298","Ja'Tavion Sanders","TE","CAR","0.9","1.8","0","2.6","2.8","7.4","9.1","1.2","10.7","7.8","BYE","6.4","-","0","0","0","1","5","3.5","56.7"
"299","Brandin Cooks","WR","NO","12.5","2.6","2.6","2.1","-","-","-","-","-","-","-","BYE","9.1","6.8","4.9","6.3","7.2","2.5","5.7","56.6"
"300","Matthew Wright","K","CAR","-","-","-","-","-","13","-","-","-","-","BYE","-","14","16","-","-","7","6","11.2","56"
"301","Josh Oliver","TE","MIN","3.7","0","0","8","0","BYE","1","10","14.3","7.2","4.9","-","-","3.1","0","0","0","2.6","3.7","54.8"
"302","Kenneth Gainwell","RB","PIT","1.7","0.6","2.2","0.9","-","2.3","7.2","1.9","1.5","4.4","5.4","8.2","0","4.3","7.5","1.8","1.4","3.3","3.2","54.6"
"303","Theo Johnson","TE","NYG","2.3","0","1.8","1.1","7.3","4.5","0","5","12.6","5.7","BYE","5.4","7.9","-","-","-","-","-","4.5","53.6"
"304","Troy Franklin","WR","DEN","-","0","2.1","0.8","2.5","10.6","7.5","1.4","2.4","1.4","8.5","4.1","3.8","BYE","1.9","3.5","0.4","2.2","3.3","53.1"
"305","Rashee Rice","WR","KC","13.8","16","23.1","0","-","BYE","-","-","-","-","-","-","-","-","-","-","-","-","13.2","52.9"
"306","Dyami Brown","WR","JAC","0","2.7","2.6","0.9","12.7","1.6","2.8","1.1","2.9","-0.3","0.9","4.6","5.9","-","4.5","5.6","-","3.9","3.3","52.4"
"307","Justin Watson","WR","HOU","3","3.2","1.8","3.7","0","-","1.3","4.8","5.8","1.6","3.6","2","7.1","0","0","0","13","1","3.1","51.9"
"308","Malik Willis","QB","GB","0","13","25.4","-","-","-","-","8.5","-","BYE","-","0","-","-","-","1.2","-","3.7","7.4","51.8"
"309","Van Jefferson","WR","TEN","0.6","2.4","0","3.1","4.1","0","8.5","8.2","-","0","0","4.9","4.8","7.5","0.5","3.7","0","3.3","3","51.6"
"310","Ezekiel Elliott","RB","FA","11.9","4.2","1.7","2.9","1.7","1.7","-","10.3","-","0.2","3.9","0.6","0.4","1.1","4.6","6.1","0.2","-","3.4","51.5"
"311","Kendrick Bourne","WR","NE","-","-","-","-","1.1","1.9","1.9","0","6.1","-","15.5","4.5","6","BYE","5.9","2.8","3.2","2.2","4.3","51.1"
"312","Isiah Pacheco","RB","KC","14.8","13.6","-","-","-","BYE","-","-","-","-","-","-","5.4","7.1","5.2","3","1.8","-","7.3","50.9"
"313","Colby Parkinson","TE","LAR","6.7","1.7","3.6","5.3","8.7","BYE","4.2","2.7","0","0","8.4","1.5","1.8","1.6","3.1","0","0","1.1","3","50.4"
"314","Graham Gano","K","NYG","8","0","0","-","-","-","-","-","-","6","BYE","1","10","4","2","1","9","9","4.5","50"
"315","Brandon Aiyuk","WR","SF","3.8","6.3","7.3","5.8","18.7","4.7","3.3","-","BYE","-","-","-","-","-","-","-","-","-","7.1","49.9"
"316","Lil'Jordan Humphrey","WR","NYG","0","7","6.7","0","5.8","1.3","2.2","2.2","2.1","3.3","13.2","1.4","0","-","0","0","0","3.6","2.9","48.8"
"317","Curtis Samuel","WR","BUF","2.5","0.8","3.7","2.5","0.4","5.9","0","-","0","5.5","14.3","BYE","0.7","2.6","0.6","-","-","8.7","3.4","48.2"
"318","Tyler Johnson","WR","NYJ","10.4","3","3.5","0","0","-","7.7","1.1","5.3","4","0","1.6","0","0","0","-","-","11.5","3.2","48.1"
"318","Dawson Knox","TE","BUF","2.8","0","1.2","0.5","0","7.7","1","6","1","5","6","BYE","6.6","1","5.2","3.2","0.9","-","3","48.1"
"320","Kyle Juszczyk","RB","SF","5","3.4","1.1","1.7","0","9.1","1.4","1.2","BYE","0","2.2","1.9","-2.1","0.8","0","3.1","7.4","11.9","2.8","48.1"
"321","Kalif Raymond","WR","DET","1.2","4.2","0","1.4","BYE","9.3","11.4","14.4","0.5","0","4","0","-","-","-","-","-","1.6","4","48"
"322","Grant Calcaterra","TE","PHI","1.6","2.9","0","3.1","BYE","8.7","1","7.3","5.5","0","0","0","0","9.1","2.7","0","3.9","2","2.8","47.8"
"323","Michael Penix Jr.","QB","ATL","-","-","-","-","-","-","0.6","-","-","-","1","BYE","-","-","-","7.4","12.2","26","9.4","47.1"
"324","Josh Whyle","TE","TEN","0","2.3","6.3","1","BYE","0.7","4.9","4.3","1.7","0","1.1","0","0.8","4.1","12.2","0","0","7.4","2.8","46.8"
"325","Emari Demercado","RB","ARI","3.6","4.6","0.7","2.9","0.5","8.9","1.4","0","15","2.2","BYE","1.4","2","3.5","-","-","-","-","3.6","46.7"
"326","Dare Ogunbowale","RB","HOU","0.8","3.3","3.8","13.4","11.7","0.8","0.6","0.4","-0.1","1.1","1.6","0","0","BYE","3.5","0","2.3","3.3","2.7","46.5"
"327","Mike Williams","WR","FA","0","2.4","4.9","8.7","3.5","0","2","0","1.1","9.7","0","0","0","5.1","2","3.9","0","3","2.6","46.3"
"328","Jacoby Brissett","QB","ARI","8","10.6","3.9","8","7.4","-","-","8.4","-","-","BYE","-","0","-","-","-","-0.1","-","5.8","46.2"
"328","Audric Estime","RB","DEN","1.4","-","-","-","-","1.3","0.9","0.4","3.5","5.3","4","1.5","1.2","BYE","2.3","10.8","4.2","9.4","3.6","46.2"
"330","Parker Romo","K","NE","-","-","-","-","-","-","-","-","-","13","6","13","14","BYE","-","-","-","-","11.5","46"
"330","Cade York","K","FA","2","-","-","-","-","-","-","-","-","-","-","-","-","9","7","8","6","14","7.7","46"
"332","Trey Sermon","RB","PIT","0","1.2","7.6","0.8","15.3","2.9","5.4","1.9","1.8","0.9","0.8","0","0","-","2.2","2.5","1.5","1","2.7","45.8"
"333","Marcus Mariota","QB","WAS","-","-","-","-","0.1","-","19.6","-","-","-","-","-","-","BYE","-","-","-","26","15.3","45.8"
"334","Tommy Tremble","TE","CAR","-","3.8","4.4","0","-0.8","-","-","2.3","-","-","BYE","1","10.2","6.8","2.5","4.7","0","10","3.7","44.9"
"335","JuJu Smith-Schuster","WR","KC","0","0","8.7","0","16.5","BYE","0","-","-","-","1.3","1.1","1.5","4.1","7.2","0","2.8","0.9","3.2","44.1"
"336","Trey Benson","RB","ARI","2.3","2.2","0.8","5","-","2.6","0","1","12","9.7","BYE","1.8","2","2.4","2.2","-","-","-","3.4","44"
"337","Gabe Davis","WR","FA","7.7","5.8","2.8","0.3","3.3","19","1.8","0","-","2.4","0.8","-","-","-","-","-","-","-","4.4","43.9"
"338","Luke Schoonmaker","TE","DAL","0","7.3","1","0","1.3","0","BYE","0","0","0","8.6","13","5.8","3.2","0","0.8","0","2.6","2.6","43.6"
"339","John Metchie III","WR","HOU","-","-","-","1.2","0","0","0","4.4","0","15.9","4.8","1.1","2.6","BYE","2.7","-","7.3","3.4","3.3","43.4"
"340","Dameon Pierce","RB","HOU","1.6","-","-","-","-","14.2","0.2","0.4","-","-","0.2","0","0.6","BYE","0","0.4","1.3","23.6","3.9","42.5"
"341","Adonai Mitchell","WR","IND","0.7","3.5","0","1","7.2","1.9","4","1.4","2.7","10.1","4","1.5","0","BYE","-3","4.1","3.2","0","2.5","42.3"
"342","Nelson Agholor","WR","FA","1.1","1.8","6.1","2","0.9","3","2.5","11.1","3.4","7.1","0","0","0","-","3.1","-","-","-","3","42.1"
"343","Malik Washington","WR","MIA","-","-","-","1.3","0","BYE","1.9","0","0.9","10","3.3","0.8","-0.2","0","7.7","4.3","5","6.8","3","41.8"
"344","Jordan Whittington","WR","LAR","0","3.2","4.3","9.2","12.4","BYE","0","-","-","0","0","0","0","0","0","0","1.1","11.3","2.8","41.5"
"345","Isaiah Davis","RB","NYJ","-","-","0.6","-","0","0","1.2","0","0","1.5","0","BYE","10.7","14.2","3.1","1.2","4.8","4.1","3","41.4"
"346","Carolina Panthers","DST","CAR","-1","5","5","1","-3","-2","0","5","1","9","BYE","4","8","4","2","6","-2","-1","2.4","41"
"346","Greg Zuerlein","K","FA","1","6","6","10","5","8","1","4","-","-","-","-","-","-","-","-","-","-","5.1","41"
"348","Christian McCaffrey","RB","SF","-","-","-","-","-","-","-","-","BYE","13.7","12.6","6.3","7.7","-","-","-","-","-","10.1","40.3"
"349","Nick Vannett","TE","MIN","2.1","0","7.9","0","-","0","4.5","0","10.3","0","1.1","0","1.1","0.9","1.2","0","7.3","3.6","2.4","40"
"350","Cedrick Wilson Jr.","WR","NO","-2","0","0.8","0","0","3.8","14.7","-","4.4","-","0","BYE","2.4","2.3","4.8","1.8","3.2","3.7","2.7","39.9"
"351","Elijah Higgins","TE","ARI","2.2","8.3","1.6","2.2","6.7","0","0.6","2.3","4.4","2.3","BYE","1","3.3","0","1","0","3.3","0","2.3","39.2"
"352","DJ Turner","WR","FA","1.4","0.2","0","7.8","2.2","4.7","2.7","11.2","0","-","4.4","1.5","3","-","-","-","0","-","3","39.1"
"353","Tyler Goodson","RB","IND","-","0.7","0","0","7.2","8.5","11.1","0","0","7.9","0","0","0","BYE","0.3","2.2","0","1","2.4","38.9"
"354","Zane Gonzalez","K","FA","-","-","-","-","-","-","-","-","-","11","5","-","6","-","-","4","6","6","6.3","38"
"355","Adam Trautman","TE","DEN","0","0","1.8","0","2.4","0","0","16.5","0.9","3.9","0","0.8","0","BYE","9","1","1","0","2.2","37.3"
"356","Chris Brooks","RB","GB","-","-","0.3","-","-","2.1","0","2.2","5.6","BYE","2.3","3.1","3.9","0.3","2","9","0","5.9","2.8","36.7"
"357","Nate Adkins","TE","DEN","0","0","1.1","0.5","1.3","1","0","6.8","0","0","7.7","0","2.1","BYE","8","2.8","1.2","4","2.1","36.5"
"358","Johnny Mundt","TE","JAC","2.5","2.2","6.7","2.5","4.1","-","2.8","1.5","0","0","1.8","1.2","9.2","0","0","0","1.2","0","2.1","35.7"
"359","Darnell Washington","TE","PIT","1","7","0","4.1","1","1.4","5.6","3.4","BYE","1.1","5.2","2.9","1.5","0","0","0","1.3","0","2.1","35.5"
"360","Derius Davis","WR","LAC","0.9","0","0.8","0","BYE","2.7","-","-","0","2.8","2.5","1.4","1.1","1.1","0","9.8","9.6","0.9","2.2","33.6"
"361","Matt Prater","K","FA","8","14","9","2","-","-","-","-","-","-","-","-","-","-","-","-","-","-","8.3","33"
"362","Joshua Dobbs","QB","NE","-","0","-","-","-","-","-","-","-","-","-","-","-","BYE","-","-","8.1","24.7","10.9","32.8"
"363","Jamaal Williams","RB","FA","11.6","3.9","0.4","2.9","0.9","0.7","1.7","0.4","-","-","-","-","1.2","2.5","0","0.8","2.9","2.7","2.3","32.6"
"364","Jahan Dotson","WR","PHI","0","1.1","1.8","2.1","BYE","2.8","0","0","4.1","3.2","1.3","0.9","1.2","1","0","0","0","12.9","1.9","32.4"
"365","Josh Reynolds","WR","NYJ","7","11.3","4.6","0","7.4","-","-","-","-","-","-","BYE","-","-","0","0","0","1.6","3.5","31.9"
"366","Cordarrelle Patterson","RB","FA","1.3","0.3","6.3","7.2","-","-","-","-","-","1.4","0.5","-0.2","6.8","-1.4","1.3","7.7","0.2","0.1","2.4","31.5"
"367","Hassan Haskins","RB","LAC","-","1.1","-","0","BYE","0.5","0.2","0","0","6.4","0.1","0.3","-2","0","0","10.9","4.5","9.3","2.1","31.3"
"368","Chris Rodriguez Jr.","RB","WAS","0","-","-","-","-","-","-","-","5.2","0.4","-","-","15.4","BYE","0.2","0.5","9.3","0","3.9","31"
"369","Tylan Wallace","WR","BAL","0","0","0","0","4.1","0","0","0","0","19","1.3","2","2.4","BYE","1.3","0","0.7","0","1.8","30.8"
"369","Ryan Miller","WR","TB","-","-","-","-","-","4.4","-","3.4","6.6","1.6","BYE","1.9","0","0","0.6","8.7","3.6","0","2.8","30.8"
"371","Michael Carter","RB","ARI","-","-","-","-","-","-","-","-","-","-","BYE","-","-","0","-","7.3","9.1","13.9","7.6","30.3"
"372","Kimani Vidal","RB","LAC","-","-","-","-","BYE","12.1","2.4","1.6","0.7","-","-","-","2","3.4","3.2","2.4","2.4","0","3","30.2"
"373","Riley Patterson","K","FA","-","-","-","-","-","-","-","-","3","-","-","-","-","-","1","12","6","8","6","30"
"374","Blake Corum","RB","LAR","0","2.8","-","-","3.8","BYE","1.1","2.3","-0.1","2","3.3","0.5","4.2","3.4","3","1.4","-0.4","2.7","2","30"
"375","D'Ernest Johnson","RB","BAL","-","2.6","1.2","0","2","5.4","8.5","2.8","0.6","0","0.3","-","-","BYE","-","1.3","2.1","3.1","2.3","29.9"
"376","Jalen Brooks","WR","DAL","2.3","1.5","2.9","0","1.5","2","BYE","0","3.6","0.9","-","4.6","0.5","-","8.2","-","1.7","0","2.1","29.7"
"377","D'Onta Foreman","RB","FA","0","5.6","0.5","1.2","6.5","5.7","0.5","2.6","-","-","-","-","-","-","-","-1.9","4.9","4","2.7","29.6"
"378","Trey Palmer","WR","TB","2.4","0","0","10.1","-","-","2.1","3.9","4.3","0","BYE","2.3","0","0","0","4.1","0","0","1.9","29.2"
"379","Payne Durham","TE","TB","0","0","1.3","0","0","0","-","0","0","0","BYE","3.1","0","0","0","5.4","10.6","8.6","1.8","29"
"379","Tanner Hudson","TE","CIN","0.8","-","-","-","-","0","0","0","2.4","13.3","2.3","BYE","4.8","2.4","1.4","-","-","1.6","2.6","29"
"381","Tanner McKee","QB","PHI","-","-","-","-","BYE","-","-","-","-","-","-","-","-","-","-","-","10","18.9","14.4","28.8"
"382","KhaDarel Hodge","WR","ATL","0","0","0","6","13.7","0","0","0","1.4","0","3.2","BYE","0","0","0","-","1.4","2.9","1.8","28.6"
"383","Brock Wright","TE","DET","0.7","0","5.4","2.3","BYE","0","0","7.3","0.6","0","7","3.4","1.8","0","0","0","0","0","1.7","28.5"
"384","Robert Woods","WR","PIT","0","0","2.8","1.5","0","-","-","2.8","5.4","0.6","2.3","1.3","0","-","2.2","3.4","3.1","2.9","1.9","28.3"
"385","Patrick Taylor Jr.","RB","SF","-","-","-","0","0","3.3","-","0.9","BYE","-","-","-","-","8.5","0","3","0","12.6","3.1","28.3"
"386","Pierre Strong Jr.","RB","CLE","4","1","-","-","0.2","8.8","2","0.8","0.8","BYE","0.5","-","0","1.9","0","1.9","6.3","-","2.2","28.2"
"387","Mecole Hardman Jr.","WR","GB","0","0","0","0","5.3","-","12","1.3","3.2","0.8","3.1","1.5","0","-","-","-","-","-","2.3","27.2"
"388","Stone Smartt","TE","NYJ","0","0","0","0","-","1.5","3.6","0","-","-","0","0","0.8","6.9","5.5","5.2","3.3","0","1.8","26.8"
"389","Cade Stover","TE","HOU","0","2.3","0","3.2","1.6","0","2","2.9","0","0.7","2.5","10.1","0.9","BYE","-","-","0.6","0","1.8","26.8"
"390","Malik Heath","WR","GB","-","-","0","2.2","2.4","0","0","0","-","BYE","0","8.5","0","0","-","-","6.8","6.8","2.2","26.7"
"390","Mo Alie-Cox","TE","IND","0","2.7","0","0","10.7","6.1","0","0","0","0","2.7","0","2.5","BYE","0","2","0","0","1.6","26.7"
"392","Ja'Lynn Polk","WR","NE","1.1","8.2","2.3","4.5","1.8","0.9","0","-","0","6.7","0","1.2","0","BYE","0","0","0","-","1.8","26.7"
"393","Kendre Miller","RB","NO","0","-","-","-","-","-","4.7","1.6","-","-","-","BYE","-","9.2","4.6","4.1","2.4","-","3.8","26.6"
"394","Drew Sample","TE","CIN","0","4.3","0","0.5","0","0","0","0","9.4","0","1","BYE","1.8","2.3","1.3","1.7","0.8","3.4","1.6","26.5"
"394","Khalil Herbert","RB","IND","0.4","7.7","0.9","-","0","0","-","-","-","0","0","-","1.4","1.6","0.4","0","2.3","11.8","2","26.5"
"396","Zamir White","RB","LV","3.6","5.3","3.4","3","-","-","3.2","-0.1","7","BYE","0.9","-","-","-","-","-","-","-","3.3","26.3"
"397","Kenny Pickett","QB","CLE","-","-","-","-","-","-","0","-","-","0.3","-","-0.2","-","-","-","10","16","-","5.2","26.1"
"397","Michael Mayer","TE","LV","1.3","1.6","1.2","-","-","-","-","-","-","BYE","1","2.1","1","10.3","1.6","0","1.9","4.1","2.4","26.1"
"399","Dante Pettis","WR","NO","-","-","-","-","-","-","-","-","-","1.3","1.4","BYE","3","0","3.4","4.1","4.2","8.6","3.3","26"
"399","Spencer Shrader","K","IND","3","-","-","-","-","-","-","-","-","7","3","13","-","BYE","-","-","-","-","6.5","26"
"401","Luke McCaffrey","WR","WAS","3.3","0","5.9","2.2","3.4","1","0","1.3","0","2.8","0","1.3","2.3","BYE","0.5","1.8","0","0","1.5","25.8"
"402","Erick All Jr.","TE","CIN","0","5.2","4.2","4.8","2","2","0","4.2","3.4","-","-","BYE","-","-","-","-","-","-","2.9","25.8"
"403","Ty Chandler","RB","MIN","5.7","8.2","1.3","1.8","4.9","BYE","0.4","0","-","1.8","0","0","0.2","0","0.4","0","0.7","-","1.7","25.4"
"404","Jaylen Wright","RB","MIA","-","0.4","1.7","3.2","8.6","BYE","3.3","1.8","1.8","0.3","1.1","0.8","0","2.3","0.3","-","0","-0.4","1.7","25.2"
"404","Kylen Granson","TE","PHI","0","1.4","4.5","0","0","0","0","0.9","2.7","2.5","0.9","0","0","-","6.2","0","4.9","1.2","1.5","25.2"
"406","Lucas Krull","TE","DEN","-","-","-","-","1","2.1","5.6","2.8","0","3.1","0","0","3.9","BYE","1.8","3.6","0.8","0","1.9","24.7"
"407","Michael Burton","RB","DEN","0.8","0.6","0","0.8","1","0","0","3.3","-0.1","0","0.5","1.6","6.1","BYE","0","9.4","0","0.3","1.4","24.3"
"408","Sincere McCormick","RB","LV","-","-","-","-","-","-","-","-","-","BYE","-","3.3","7.5","9.9","3.5","-","-","-","6.1","24.2"
"409","Desmond Ridder","QB","CIN","-","-","-","-","-","-","-","-","5.2","-","-","0.9","-","4.3","13.1","-","-","0.4","4.8","23.9"
"410","JaMycal Hasty","RB","NE","0","0.2","0.5","1.5","0","2.6","13.2","-","0.2","2.9","0.2","2.5","0","BYE","0","-","0","-","1.7","23.8"
"411","Charlie Kolar","TE","BAL","0","0.9","3.5","0","14.1","0","1.9","1.4","0","0.9","0","1.1","-","BYE","-","-","-","0","1.8","23.8"
"412","Jonathan Mingo","WR","DAL","3.3","0.6","3.5","3.9","4.7","0.6","0","0","0","-","0","1.3","0.7","0","0","0","1.7","3.4","1.4","23.7"
"413","Jake Bobo","WR","SEA","0","2.5","0","4.5","0.8","2.8","0","2","0","BYE","0","1.3","0","0","1.3","1.1","0","6.9","1.4","23.2"
"414","Tyler Higbee","TE","LAR","-","-","-","-","-","BYE","-","-","-","-","-","-","-","-","-","7.6","1.9","13.1","7.5","22.6"
"415","Bub Means","WR","NO","0","0","-","0","0","13","5.2","4.1","-","-","-","BYE","-","-","-","-","-","-","3.2","22.3"
"416","Dorian Thompson-Robinson","QB","PHI","-","-","-","-","BYE","-","5.7","-","-","-","0","0","-","-","1.3","9.2","4.8","0.8","3.1","21.8"
"417","Jamison Crowder","WR","FA","1","-","0","-","-","-","-","-","-","-","-","-","-","-","4.2","14.5","4","-2","3.6","21.7"
"418","Kevin Austin Jr.","WR","NO","-","-","-","-","-","-","-","-","-","4.6","2.3","BYE","5.5","1","1.3","2.2","2.8","1.8","2.7","21.5"
"419","Drew Ogletree","TE","IND","0","1.7","0","8","1","3.4","0","0","0","0.7","1.3","0","2.7","BYE","0","0","0","2.6","1.3","21.4"
"420","Eric Saubert","TE","SEA","0","3.6","5.1","0","0","0","0","0","-","0","1.2","0","0","0.9","0","6.7","0","3.7","1.2","21.2"
"421","Kenny McIntosh","RB","SEA","-","0","1.1","0","-","-","0.5","-","-","BYE","0","0","0","5.5","0.9","3.4","4.6","4.9","1.7","20.9"
"421","Hunter Luepke","RB","DAL","2.8","0","5.1","3.2","2.9","0","BYE","0","1.9","0","-","1.5","0.4","1","0","0","0.6","1.5","1.3","20.9"
"423","Jimmy Garoppolo","QB","LAR","-","-","-","-","-","BYE","-","-","-","-","-","-","-","-","-","-","-","20.9","20.9","20.9"
"424","Alec Ingold","RB","MIA","0.8","0.2","2.9","0","6.3","BYE","0.9","3.7","0","-","-","0","2.5","0","0","0.4","0","3.1","1.4","20.8"
"425","Carson Steele","RB","KC","0.3","0.4","7.9","-0.9","1.2","BYE","1.7","1.9","0.9","0.3","1.2","1.8","0","0","0","0","-","3.7","1.3","20.4"
"426","Jordan Mims","RB","TEN","1.1","0","0","-","BYE","2.8","-","-","4.3","1.9","0.3","-","-","-","-","5.7","-","4","2.2","20.1"
"427","Tyrod Taylor","QB","NYJ","6.1","-","-","-","-","-","-","-","-","-","-","BYE","-","-","-","-","13.9","-","10","20.1"
"428","Jeremy Ruckert","TE","NYJ","0","0","2.5","2","0","1.7","0","2.9","0.9","2.7","1.1","BYE","0.8","0","1.7","2.2","0","1","1.1","19.5"
"428","Daniel Bellinger","TE","NYG","0.8","0","2.2","0","0","0","1.6","0","0","0","BYE","0","0","7","5","1","0","1.9","1.1","19.5"
"430","DeeJay Dallas","RB","ARI","6","0","0","0","0","0","0","0","0.2","1","BYE","0","-","0","1.5","6.6","1","3.2","1.2","19.5"
"431","Craig Reynolds","RB","DET","-","0","0","0","BYE","2.1","0","0.3","0","-","2.1","0.6","-","0","0","2.8","7.6","3.9","1.4","19.4"
"432","Joe Milton III","QB","DAL","-","-","-","-","-","-","BYE","-","-","-","-","-","-","-","-","-","-","19.2","19.2","19.2"
"433","Bo Melton","WR","GB","0","0.8","0","3.3","1.7","3.8","1.2","0","2.4","BYE","0","0.5","0","0","0","1.4","3.3","0.1","1.1","18.5"
"434","Trent Sherfield Sr.","WR","DEN","0","2.2","1.3","1.3","0","-","0","7.5","1.2","1.6","2.1","0","0","0","1.1","0","0","0","1.1","18.3"
"435","Ashton Dulin","WR","IND","11.9","1.8","0","0","0.9","0","1.2","0","1.7","0.7","0","0","-","BYE","-","0","0","0","1.2","18.2"
"436","Xavier Hutchinson","WR","HOU","0.8","0","0","0","4.1","0","1.6","2.4","0","1.6","0","0","-","BYE","1.8","1.3","3.1","1","1.1","17.7"
"437","Rakim Jarrett","WR","TB","-","-","-","-","-","-","-","7.3","1.4","2","BYE","3.5","0","0","0","1.1","1.6","0","1.7","16.9"
"437","Mason Tipton","WR","NO","1.1","0","2.1","1.1","0.7","2","7.5","2.4","0","0","-","BYE","-","-","-","0","-","-","1.5","16.9"
"439","Julian Hill","TE","MIA","1.1","0","3.4","0","0","BYE","0.9","2.6","-","0","3.8","1.3","1","1.9","0","0","0","0","1","16"
"440","Ronnie Rivers","RB","LAR","1.6","0.5","0.9","2.6","-","BYE","0","-","-","-","-","-","-","0","-","-","-","10.2","2.3","15.8"
"441","Patrick Ricard","RB","BAL","0","0","0","6","0","0","0","0","6.8","0","1","0","0","BYE","0","0","0","1.9","0.9","15.7"
"442","Mitchell Trubisky","QB","BUF","-","-0.2","0","0.1","0","-","-","-0.3","-","-0.1","-","BYE","-0.1","-","-","-","6.7","9.2","1.7","15.3"
"443","K.J. Osborn","WR","WAS","3.6","1.2","0","0.8","-","-","9.6","0","-","0","-","-","-","BYE","-","-","0","-","1.9","15.2"
"444","Tim Boyle","QB","TEN","-","-","3.8","-","BYE","-","3.4","-","-","-","-","-","-","-","7.8","-","-","-","5","14.9"
"445","Jake Haener","QB","NO","0","-0.3","-","-","1.8","-","5.5","5.9","-","-","-0.2","BYE","-","-0.1","1.7","-","-","-","1.8","14.2"
"445","Ainias Smith","WR","PHI","-","-","-","-","BYE","-","-","0","0.7","1.6","0","0","-","-","-","-","0","11.9","2","14.2"
"447","Blake Whiteheart","TE","CLE","-","0","0","8.8","0","-","-","-","-","BYE","-","3.4","0","0","0","0","1.3","0.6","1.3","14.1"
"448","Trey Lance","QB","LAC","-","-","-","-","BYE","-","-","-","-","1.5","-","-0.3","-","-","-","-","0.1","12.4","3.4","13.7"
"449","Devin Duvernay","WR","CHI","0.3","0.4","0.4","0","0.3","-","BYE","-","-","0","0","-","3.3","1.6","5.7","0.8","0.9","0","1.1","13.7"
"449","Will Shipley","RB","PHI","0","0","0","0","BYE","0","1.5","-0.3","0","3.4","0","-","0.4","0","-","-","-","8.7","1.1","13.7"
"451","Simi Fehoko","WR","ARI","0","0","2.2","0","-","5.4","6","0","0","-","BYE","-","-","-","-","-","-","-","1.7","13.6"
"451","Marquise Brown","WR","KC","-","-","-","-","-","BYE","-","-","-","-","-","-","-","-","-","7","6.6","-","6.8","13.6"
"453","Tommy DeVito","QB","NYG","-","-","-","-","-","-","-","-","-","-","BYE","10.8","-","0","2.7","-","-","-","4.5","13.5"
"454","Tyrell Shavers","WR","BUF","-","-","-","-","0","-","-","-","-","0","-","BYE","-","-","-","-","13.4","-","4.5","13.4"
"455","Brevyn Spann-Ford","TE","DAL","0","0","0","0","3","0","BYE","0","0","0","6.2","3.4","0","0","0.7","0","0","0","0.8","13.3"
"456","Ryan Flournoy","WR","DAL","-","-","-","-","0","-0.3","BYE","0","1.8","0","2.9","0","-","0","-","5.6","0.8","2.4","1.2","13.2"
"456","Kenny Yeboah","TE","DET","-","-","-","-","BYE","-","-","-","1.7","0.9","7.6","-","0","0","0","0","0","3","1.5","13.2"
"458","Harrison Bryant","TE","PHI","0","0","0","3.1","0","3.9","2.9","-","3.2","-","-","-","-","0","0","0","0","0","1","13.1"
"459","Connor Heyward","TE","PIT","0","0","0.7","0","9.3","0.9","0","0","BYE","0","0","0","0","0","0","0.8","1.3","0","0.8","13"
"459","MyCole Pruitt","TE","FA","1.4","0","-","-","-","-","0","1.5","-","0","-","0","3.1","0.4","0","6.6","0","0","1.1","13"
"461","Jermaine Burton","WR","CIN","0","5.2","0","0","0","-","0","4.6","-","1.6","1.3","BYE","0","0","0","0","0","-","0.9","12.7"
"462","Luke Farrell","TE","SF","0","2.3","0.6","0","2.7","0","0","0","1","2.6","0.8","-","0","0","0","1.8","0","0.9","0.7","12.7"
"463","Bryce Oliver","WR","TEN","-","-","-","-","BYE","-","-","-","0","3.3","3.8","0","0","2.1","1.3","0","0","2","1.3","12.5"
"464","Zay Jones","WR","ARI","-","-","-","-","-","-","0","0.8","0","0","BYE","0","0","1.8","0.8","0","2.4","6.6","1.1","12.4"
"465","Johnny Wilson","WR","PHI","0","0","1.4","0","BYE","0","0","0","0","7","0","0","-","0","0","0","0","3.9","0.8","12.3"
"466","Eric Gray","RB","NYG","2","0","-2","0.1","4.9","1.3","1.4","0.8","0","0","BYE","1.6","0","-","0","0.7","0","1.5","0.8","12.3"
"467","Julius Chestnut","RB","TEN","0","0","-","-","BYE","0.2","2.9","3.2","2.2","0","0","1","0","0","-","0","1.7","1.1","0.9","12.3"
"468","Quintin Morris","TE","JAC","0","0","0","0","0","0","0","0","6.7","0","0","BYE","1.9","-","0","0","0","3.5","0.8","12.1"
"469","Parris Campbell","WR","FA","-","0","2.3","9.7","-","-","0","-","-","-","-","-","0","-","-","-","-","-","2.4","12"
"470","Tony Jones Jr.","RB","FA","-","-","-","-","-","-","-","-","-","-","-","-","-","-","-","-","-","11.5","11.5","11.5"
"471","Xavier Gipson","WR","NYJ","0","0","2.6","1.1","0","0","0","6.6","0","0","2.2","BYE","0.4","0","0","-2","0","0.5","0.7","11.4"
"471","Tay Martin","WR","WAS","-","-","-","-","-","-","-","-","-","-","-","-","-","BYE","-","-","-","11.4","11.4","11.4"
"473","Hayden Hurst","TE","FA","4.3","1","2.5","1.1","-","0","-","-","1.1","0","-","-","-","-","-","1.3","-","0","1.3","11.3"
"473","Devin Culp","TE","TB","-","-","-","-","-","-","0","0","-","-","BYE","-","-","-","-","0","6.7","4.6","2.3","11.3"
"475","Ben Sinnott","TE","WAS","0","0","0","0","0","0","7.6","0","1.7","0","0","0","0.8","BYE","1.2","0","0","0","0.7","11.3"
"476","Jalen Reagor","WR","LAC","-","-","-","-","BYE","-","2.5","4.5","0.5","-0.2","0","3","0","0.9","-","-","-","-","1.4","11.2"
"477","DJ Chark Jr.","WR","ATL","-","-","-","-","-","-","-","-","-","0","-","BYE","0","1.4","2.6","0","0","7.1","1.6","11.1"
"478","C.J. Ham","RB","MIN","0.1","0","0","0","7","BYE","0","0","0","0","0","0","0","0","0","1.4","2.5","0","0.6","11"
"479","Chris Conley","WR","FA","0","0.9","0","0","-","0","0","0","-","-","0","0","0","0","0","0","1.8","7.9","0.7","10.6"
"479","Brandon Powell","WR","FA","0","2.6","1.8","0","0","-","0","0","1.4","0","1.8","0","1.3","0","1.7","0","0","0","0.6","10.6"
"481","Chris Manhertz","TE","NYG","0","0","0","0","0","0","0","0","6.7","0","BYE","0","0","0","0","0","1.7","2.1","0.6","10.5"
"482","John Bates","TE","WAS","0","1","0","1.4","0","0","0","2.5","0","0","2.7","-0.2","0","BYE","1.1","0","1.9","0","0.6","10.4"
"483","Deuce Vaughn","RB","DAL","0.4","2.2","1.8","0","-","-","BYE","-","-","-","2.2","-","-","-","-","-","-","3.7","1.7","10.3"
"484","Jalin Hyatt","WR","NYG","0","0","0","0","0","1.1","0","-","0","5.9","BYE","0","1.8","0","0","1.4","0","0","0.6","10.2"
"485","River Cracraft","WR","FA","-","-","-","-","-","-","-","-","-","0","0","0","0","-","1.1","1.1","2.1","5.8","1.3","10.1"
"486","Michael Woods II","WR","FA","-","-","-","-","-","-","-","-","-","-","-","-","5.8","1.7","1.7","0","0.8","-","2","10"
"486","Odell Beckham Jr.","WR","FA","-","-","-","-","0","-","0","0","3","2.7","2.3","0","1.4","0.6","-","-","-","-","1.1","10"
"488","Durham Smythe","TE","CHI","0","1.3","0.8","0","0","-","0","0","0.9","1.1","0.8","1.3","1.3","0","1.3","1","0","0","0.6","9.8"
"489","DeAndre Carter","WR","CLE","1.1","4.7","3.7","0","0","0","-","1.2","0","1","0","-2","0","0","-","-","-","-","0.7","9.7"
"490","Davis Mills","QB","HOU","-","-","3.2","-","-","0","-","-","-","-","-","-","-","BYE","-","-","0.2","6.2","2.4","9.6"
"491","Hunter Long","TE","JAC","0","0","0","0","2.6","-","1","2.3","0.9","0","0","0","0","0","2.7","0","0","0","0.6","9.5"
"492","Ben Skowronek","WR","PIT","-","0","-","-","0","-","-","-","BYE","0","0.9","0","2.8","0","2.2","3.5","-","0","0.9","9.4"
"493","Scotty Miller","WR","PIT","0","0","4.1","0","0","0","0","0","BYE","-","0","-","-","5.3","0","0","0","-","0.7","9.4"
"494","Jeff Wilson Jr.","RB","FA","2.6","2.2","1.4","0","-","-","-","-","-","-","-","-","0","1.6","-","1.2","0.5","-0.4","1","9.1"
"495","Bailey Zappe","QB","KC","-","-","-","-","-","BYE","-","-","-","-","-","-","-","-","-","-","-","9","9","9"
"496","Kristian Wilkerson","WR","BUF","-","-","-","-","-","8.8","0","-","-","-","-","BYE","-","-","-","-","-","-","4.4","8.8"
"497","Jacob Cowing","WR","SF","0","0","0","0","-","0","6","0","BYE","-2","0","-","0","0","0","0","0","4.7","0.6","8.7"
"498","Devontez Walker","WR","BAL","-","-","-","-","-","-","0","-","0","-","-","0","-","BYE","8.6","0","0","0","1.2","8.6"
"499","Pharaoh Brown","TE","MIA","-","-","1.4","0.8","1.2","0","0","0","0","-","0","2.9","0","1.1","0","2.2","-1.1","0","0.6","8.5"
"499","Clyde Edwards-Helaire","RB","NO","-","-","-","-","-","-","-","-","-","-","-","BYE","-","-","-","-","4","4.5","4.3","8.5"
"501","Brandon Allen","QB","TEN","-0.1","-","-","-","BYE","-","-","-","-","-","-","9.5","-","-1","-","-","-","-","2.8","8.4"
"502","Laviska Shenault Jr.","WR","BUF","0.6","1.1","0.7","2.3","0","4","0","1.5","0","-","0","BYE","-2","-","0","-","-","-","0.7","8.2"
"503","Charlie Woerner","TE","ATL","0.9","0","0","0","0","0","0","1.8","0","0","-","BYE","1","1.6","1.7","0","1.1","0","0.5","8.1"
"504","Luke Musgrave","TE","GB","0","1.1","0.8","2.8","-","-","-","-","-","BYE","-","-","-","-","-","0","0.9","2.4","1.1","8"
"504","Raheem Blackshear","RB","CAR","0","0","0","0","0","0","0","0","0","0","BYE","0","0","0","-","1.3","2","4.7","0.5","8"
"506","Tyler Badie","RB","DEN","-","2.3","7","-1.4","-","-","-","-","-","-","-","-","-","BYE","-","-","-","-","2.6","7.9"
"507","Skylar Thompson","QB","PIT","-","3.6","4.3","-","-","-","-","-","BYE","-","-","0","-","-","-","-","-","-","2.6","7.9"
"508","Gerald Everett","TE","FA","0.4","1.1","0","0","3.2","0","-","0.8","1","0","0","0","0","0","0","1.1","0","0","0.4","7.6"
"508","Peyton Hendershot","TE","FA","-","0","-","-","-","-","-","-","1.4","1.1","1.6","0","-","-","-","-","0","3.5","1.1","7.6"
"510","Tucker Fisk","TE","LAC","-","-","-","-","BYE","-","-","-","-","0","1.1","1.2","0.6","0.5","1.2","1.5","1.3","0","0.8","7.4"
"511","E.J. Jenkins","TE","PHI","0","0","-","-","BYE","-","-","-","0","-","-","-","-","0","0","0","0","7.2","0.9","7.2"
"512","Davis Allen","TE","LAR","0","-","-","-","0","BYE","0","0","1","5.9","0","0","0","0","0","0","0","0","0.5","6.9"
"512","Britain Covey","WR","LAR","0","5.3","1.6","-","-","BYE","-","-","-","-","-","0","0","-","-","-","-","-","1.4","6.9"
"514","Tyquan Thornton","WR","KC","3.7","0","0","0","0","BYE","-","3","-","-","-","-","-","-","-","-","-","-","1.1","6.7"
"514","Tip Reiman","TE","ARI","0","0","0","0","1","0","0.6","0","0","0","BYE","0","1.4","1.9","1.8","0","0","0","0.4","6.7"
"516","Sione Vaki","RB","DET","0","2.2","0","-","BYE","0.5","0","0","-","0","0.9","0","-","-","0","3","0","-","0.6","6.6"
"517","Keaton Mitchell","RB","BAL","-","-","-","-","-","-","-","-","-","0","0","-","-","BYE","-","-","5.3","1","1.6","6.3"
"518","Ben Sims","TE","GB","0","0","0","0","0","4.8","0.7","0","0","BYE","0","0","0","0.7","0","0","0","0","0.4","6.2"
"519","Kene Nwangwu","RB","NYJ","-","-","-","-","-","-","-","-","-","-","-","BYE","6","0","-","-","-","-","3","6"
"519","Jonathon Brooks","RB","CAR","-","-","-","-","-","-","-","-","-","-","BYE","0.7","5.6","-0.3","-","-","-","-","2","6"
"519","Ihmir Smith-Marsette","WR","NYG","-","-","0","0","0","0","0","0","0","0","BYE","0","0","0","0","0","6","0","0.4","6"
"522","Dee Eskridge","WR","MIA","-","-","3.5","0","-","BYE","-","1.1","0","-","-","-","-","0","-","-","1.3","-","1","5.9"
"523","Nikko Remigio","WR","KC","-","-","-","-","-","BYE","-","-","-","-","-","-","-","0","0","0","0","5.8","1.2","5.8"
"524","Terrace Marshall Jr.","WR","PHI","-","-","-","-","BYE","-","-","-","-","-","0","-","0","1.1","1.2","0","3.3","0","0.8","5.6"
"524","Tim Jones","WR","MIN","0","-","0","0","0","0","0","2.5","1.5","0","0","-","0","0","0","0","1.6","0","0.4","5.6"
"526","Treylon Burks","WR","TEN","0.8","0","1.4","1.8","BYE","1.5","-","-","-","-","-","-","-","-","-","-","-","-","1.1","5.5"
"527","Mike Boone","RB","FA","0.7","-","-","-","-","-","-","-","-","-","-","-","-","-","1.4","0.1","1.1","2.1","1.1","5.4"
"527","J.J. Taylor","RB","HOU","-","-","1.3","1.8","-","-","-","-","2.3","0","-","-","-","BYE","-","-","-","-","1.4","5.4"
"527","Cody White","WR","SEA","-","-","-","-","-","-","-","-","5.4","BYE","0","0","0","-","-","-","-","-","1.4","5.4"
"530","Cam Grandy","TE","CIN","-","-","-","-","-","-","-","-","-","0.5","0","BYE","0","0","2.2","0","1.2","1.4","0.7","5.3"
"531","Greg Dulcich","TE","NYG","2.2","3.1","0","0","-","-","-","-","-","-","BYE","-","-","0","0","0","0","0","0.6","5.3"
"532","Dan Chisena","WR","FA","-","-","-","-","-","-","-","-","-","-","-","0","1.1","0","-","2.8","1.3","0","0.9","5.2"
"533","Xavier Smith","WR","LAR","-","-","0","0","1.6","BYE","3","0","0","0","0","0","0","0","0","0","0","0.6","0.3","5.2"
"534","Charlie Jones","WR","CIN","-1","0","0","0","0","0","6","0","-","-","-","BYE","-","-","-","-","-","-","0.6","5"
"535","Travis Homer","RB","CHI","1","0.6","-","-","-","-","BYE","-","0","0","0","0","0","2.6","0.7","-","-","-","0.5","4.9"
"535","Will Mallory","TE","IND","-","-","-","0","1.2","0","1","0","0","1.5","-","-","1.2","BYE","0","0","-","-","0.5","4.9"
"537","Carson Wentz","QB","FA","-","-","-","-","-","-","0","-","-","-","-","-","-","-","0.8","-","-","3.9","1.6","4.7"
"537","Deven Thompkins","WR","FA","-","-","-","-","-","-","-","-","-0.2","0","-","2.8","0","1.2","0","0.9","-","-","0.7","4.7"
"539","Alex Bachman","WR","LV","-","-","-","0","0","4.6","0","0","-","BYE","-","-","-","-","-","-","-","-","0.9","4.6"
"540","Allen Robinson II","WR","FA","-","-","0","-","-","0","-","0","0.7","0","1.2","0","0","0","0","0","2.6","-","0.4","4.5"
"541","Jacob Kibodi","RB","FA","-","-","-","-","-","-","-","-","-","-","-","-","-","-","-","-","-","4.4","4.4","4.4"
"542","David Bell","WR","CLE","-","4.2","-","-","-","-","-","-","-","BYE","-","-","-","-","-","-","-","-","4.2","4.2"
"543","Jude McAtamney","K","NYG","-","-","-","-","-","-","-","-","4","-","BYE","-","-","-","-","-","-","-","4","4"
"544","Jamari Thrash","WR","CLE","-","-","-","-","-","-","0","-","0","BYE","1.6","0","2.1","-","0","0","0","0","0.4","3.7"
"544","Malachi Corley","WR","NYJ","0","0.9","-","-","-","-","-","0","-0.2","0.7","1.5","BYE","0.8","-","-","-","-","-","0.5","3.7"
"546","Jermar Jefferson","RB","TEN","-","-","-","-","BYE","-","-","-","-","-","-","-","-","-","-","2.8","0.9","-","1.9","3.7"
"547","Dallin Holker","TE","FA","-","-","-","-","0","0","0","-","0","0","0","-","0","1.5","0","0","0","2.1","0.3","3.6"
"548","Dalvin Cook","RB","FA","-","-","-","-","-","-","-","2.7","0.8","-","-","-","-","-","-","-","-","-","1.8","3.5"
"549","Terrell Jennings","RB","NE","-","-","-","-","-","1.3","-","-","-","-","-","-","-","BYE","-","-","-","2","1.7","3.3"
"550","Ronnie Bell","WR","DET","0","0","1.7","-","0","-","1.5","0","-","0","-","0","-","-","-","-","-","-","0.4","3.2"
"550","Jase McClellan","RB","FA","-","-","-","-","-","-","1.7","-","-","-","1.5","-","-","-","-","-","0","-","1.1","3.2"
"552","Taylor Heinicke","QB","LAC","-","-","1","-","BYE","-","-","-","-","-","-","-","-","1.2","0.2","-","0.8","-","0.8","3.1"
"553","Rasheen Ali","RB","BAL","-","-","-","-","-","-","-","-","-","-","-","-","0","BYE","3.2","0.2","-0.3","0","0.6","3.1"
"553","Tanner Conner","TE","MIA","0","0","0.6","2.5","0","BYE","-","-","0","0","-","-","-","-","-","-","-","-","0.4","3.1"
"555","Austin Trammell","WR","JAC","-","-","-","-","-","-","-","-","3","-","-","BYE","-","-","-","-","-","-","3","3"
"555","Trenton Irwin","WR","JAC","1.1","1","-","-","-","0","-","0.9","0","0","0","BYE","-","-","-","-","-","-","0.4","3"
"555","Jaheim Bell","TE","NE","-","0","-","-","-","0","0","0","0.6","0","0","0","0","BYE","0","0","0","2.4","0.2","3"
"558","Josiah Deguara","TE","ARI","-","-","1.3","0","0.7","0","0","0","0","-","0","-","-","0","0","0.9","0","0","0.2","2.9"
"559","Anthony Gould","WR","IND","0","0","0","-","-","-","-","-","-","-","-","-","0","BYE","2.8","0","0","0","0.4","2.8"
"559","Blake Watson","RB","DEN","-","-","-","-","0","-","-","0","-","-","-","-","-","BYE","-","2.8","-","-","0.9","2.8"
"561","Mason Kinsey","WR","TEN","-","-","-","-","BYE","-","-","0","-","-","-","-","-","0","1.6","1.1","0","0","0.5","2.7"
"561","Shane Zylstra","TE","DET","-","-","-","-","BYE","-","0","0","0","0","2.7","0","0","0","0","0","0","0","0.2","2.7"
"563","Hendon Hooker","QB","DET","-","-","-","-","BYE","0.7","-","0.2","-","-","1.8","-","-","-","-","-","-","-","0.9","2.7"
"564","MarShawn Lloyd","RB","GB","-","2.3","-","-","-","-","-","-","-","BYE","-","-","-","-","-","-","-","-","2.3","2.3"
"565","Jonathan Ward","RB","NYG","-","-","-","-","0.9","1.3","0","0","-","-","BYE","-","-","-","-","-","-","-","0.6","2.2"
"565","Isaiah Hodgins","WR","SF","-","-","-","-","0","1","-","-","BYE","1.2","-","-","-","-","-","-","-","-","0.7","2.2"
"565","Chris Blair","WR","ATL","-","-","-","-","-","-","-","-","-","-","-","BYE","-","-","-","2.2","0","0","0.7","2.2"
"565","Ian Thomas","TE","LV","-","-","-","-","-","0","1.4","0","0","0.8","-","-","-","-","-","-","-","-","0.4","2.2"
"569","Anthony Miller","WR","BAL","-","-","-","-","-","-","-","-","-","-","-","-","-","BYE","-","0","2.1","-","1.1","2.1"
"569","Grant DuBose","WR","FA","0","1.8","-","-","-","-","-","-","-","-","-","-","-","-","0.3","-","-","-","0.7","2.1"
"571","Jack Stoll","TE","NO","-","-","0","0.9","-","0","0","1.1","0","0","-","BYE","-","-","-","0","0","-","0.2","2"
"572","Eric Tomlinson","TE","FA","0","0","0","0","-","0","1.2","0","0.7","-","-","-","-","-","0","-","-","-","0.2","1.9"
"572","Casey Washington","WR","ATL","-","-","-","-","-","-","1.9","-","-","-","0","BYE","-","-","-","-","-","-","1","1.9"
"574","Brevin Jordan","TE","HOU","0.8","0.9","-","-","-","-","-","-","-","-","-","-","-","BYE","-","-","-","-","0.9","1.7"
"574","Aaron Shampklin","RB","FA","-","-","-","0.5","1.4","-0.2","-","-","-","-","-","-","-","-","-","-","-","-","0.6","1.7"
"574","Javon Baker","WR","NE","-","0","-","-","-","-","-","0","0","0","0","0","0","BYE","-","0","0","1.7","0.2","1.7"
"574","Feleipe Franks","QB","ATL","0","0","0","0","0","0","0","-","-","0","-","0","0","0","0","0","0","1.7","0.1","1.7"
"578","Trent Taylor","WR","SF","-","-","-","-","0","-","-","-","BYE","-","-","-","-","-","-","-","-","1.6","0.8","1.6"
"578","Isaiah Williams","WR","CIN","-","-","-","-","-","-","-","1.6","0","-","-","BYE","0","0","0","0","0","0","0.2","1.6"
"580","James Proche II","WR","TEN","-","0","0","0.8","0","-","-","-","-","-","-","-","-","2.8","-2","0","0","0","0.2","1.6"
"581","Myles Gaskin","RB","FA","-0.3","-","0","0","1.8","-","-","-","-","-","-","-","-","-","-","-","-","-","0.4","1.5"
"582","Cody Schrader","RB","LAR","-","-","-","-","-","BYE","-","-","-","-","-","-","-","-","-","-","-","1.4","1.4","1.4"
"582","Brandon Johnson","WR","PIT","-","-","-","-","1.4","-","0","0","BYE","-","-","-","-","-","-","-","-","-","0.5","1.4"
"582","Kendric Pryor","WR","CIN","-","-","-","-","-","-","-","-","1.4","-","-","BYE","-","-","-","-","-","0","0.7","1.4"
"582","George Holani","RB","SEA","-","-","-","-","-","-","-","-","-","BYE","-","-","-","0.4","1","-","0","-","0.5","1.4"
"586","Nick Mullens","QB","JAC","-","-","0","-","1","-","-","-","-","-","-","0.6","-","-0.2","-","-","-","-","0.3","1.3"
"587","Chris Collier","RB","LV","-","-","-","-","0","-","0","0","0","BYE","-","-","-","-","-","-","0.6","0.7","0.2","1.3"
"588","Ramel Keyton","WR","FA","-","-","-","-","-","-","-","-","1.2","-","0","0","-","0","0","0","0","0","0.2","1.2"
"588","Geoff Swaim","TE","FA","-","-","0","0","0","0","0","1.2","0","-","0","-","-","-","-","-","-","-","0.2","1.2"
"588","Jared Wiley","TE","KC","0","1.2","0","0","0","BYE","0","0","-","-","-","-","-","-","-","-","-","-","0.2","1.2"
"588","John Samuel Shenker","TE","FA","-","-","-","0","0","0","0","1.2","-","-","-","-","-","-","-","0","0","-","0.2","1.2"
"592","Mike White","QB","BUF","-","-","-","-","-","-","-","-","-","-","-","BYE","-","-","-","-","-","1.1","1.1","1.1"
"592","Kameron Johnson","WR","TB","0","-","-","0","0","0","-","-","-","-","BYE","-","-","-","-","-","1.1","-","0.2","1.1"
"592","Collin Johnson","WR","LV","-","0","0","-","-","-","-","-","-","BYE","-","0","0","1.1","0","0","0","0","0.1","1.1"
"592","Tyreik McAllister","RB","FA","0","-","-","1.1","-","-","-","-","-","-","-","-","-","-","-","-","-","-","0.6","1.1"
"592","Jaelon Darden","WR","FA","0","-","-","-","-","1.1","0","0","0","-","-","-","0","0","0","0","0","0","0.1","1.1"
"592","John Ross","WR","FA","-","-","-","1.1","-","-","-","-","-","-","-","-","-","-","-","-","-","-","1.1","1.1"
"592","David Martin-Robinson","TE","TEN","-","-","-","-","BYE","-","-","-","-","-","-","-","-","0","0","1.1","0","0","0.2","1.1"
"599","Tyler Scott","WR","CHI","-","0","0","0","0","0","BYE","-","0","-","0","-","-","-","1","0","0","0","0.1","1"
"599","Jody Fortson Jr.","TE","FA","-","-","-","-","1","-","0","0","-","-","-","-","-","-","-","-","-","-","0.3","1"
"599","Ross Dwelley","TE","SF","0","0","0","0","-","0","0","0","0","-","1","-","0","0","0","0","-","0","0.1","1"
"599","Robbie Chosen","WR","SF","0","1","-","-","-","-","-","-","BYE","-","-","-","-","-","-","-","-","-","0.5","1"
"599","Zach Davidson","TE","BUF","-","-","-","-","-","-","-","-","-","-","1","BYE","0","0","-","-","-","-","0.3","1"
"604","Josh Johnson","QB","WAS","-","-","-","0","-","-","0","-","0.2","-","-","-","-","BYE","-0.1","-","0.6","0","0.1","0.8"
"605","Kyle Allen","QB","DET","-","-","-","-","0.8","-","-","-","-","-","-","-","-","-","-","-","-","-","0.8","0.8"
"606","Tyrion Davis-Price","RB","FA","-","-","-","-","-","-","-","-","-","-","-","-","-","-","-","-","0.7","-","0.7","0.7"
"606","Marcedes Lewis","TE","FA","0","0","0","0","0","0.7","-","0","0","0","0","0","0","0","0","0","0","0","0","0.7"
"606","John FitzPatrick","TE","GB","-","-","-","-","-","-","-","0","0","BYE","0","0.7","-","0","0","0","0","0","0.1","0.7"
"606","Reggie Gilliam","RB","BUF","0","0","0","0","0","0","-","0","-","-","0","BYE","0","0","0","0","0.3","0.4","0.1","0.7"
"610","Chris Oladokun","QB","KC","-","-","-","-","-","BYE","-","-","-","-","-","-","-","-","-","-","-","0.5","0.5","0.5"
"611","Jarrett Stidham","QB","DEN","-","-","-","-","-","-","-0.2","-","-","-","0","-","-","BYE","-","-","-","0.7","0.2","0.5"
"612","Velus Jones Jr.","WR","NO","0.4","-","-","-","-","-","-","-","-","-","-","BYE","-","-","-","-","0","-","0.2","0.4"
"612","Ke'Shawn Vaughn","RB","FA","-","-","-","-","-","-","-","-","-","-","-","-","-","0.4","-","-","-","-","0.4","0.4"
"614","Brycen Tremayne","WR","CAR","-","-","-","-","0.3","-","-","-","-","-","BYE","-","-","-","-","-","0","-","0.2","0.3"
"614","Darrynton Evans","RB","BUF","-","-","-","-","0","-","-","-","-","-","-","BYE","-","0.3","-","-","-","-","0.2","0.3"
"616","British Brooks","RB","HOU","0","-","0.2","0","-","-","-","-","-","-","-","-","-","BYE","-","-","-","-","0.1","0.2"
"616","Joshua Kelley","RB","FA","-","-","-","-","-","-","-","-","-","-","-","0","-","-","-","-","-","0.2","0.1","0.2"
"618","Sam Howell","QB","MIN","-","-","-","0","-","BYE","0","-","-","-","-","-","-","-","0.2","-","-","-","0.1","0.2"
"619","Skyy Moore","WR","KC","0","0","0","0","0","BYE","0","-","-","-","-","-","-","-","-","-","-","-","0","0"
"619","Jack Westover","TE","NE","-","-","-","-","-","-","-","-","-","-","-","0","-","BYE","-","-","-","0","0","0"
"619","Irvin Charles","WR","NYJ","-","0","0","0","0","0","0","0","0","0","0","BYE","0","-","-","-","-","-","0","0"
"619","Joshua Cephus","WR","JAC","-","-","-","-","-","-","-","-","-","-","-","BYE","-","0","-","-","-","-","0","0"
"619","Irv Smith Jr.","TE","HOU","-","-","-","-","-","-","-","-","-","-","-","-","0","BYE","0","0","0","0","0","0"
"619","Stephen Sullivan","TE","FA","-","-","-","-","-","-","-","-","-","-","-","-","0","-","-","-","-","-","0","0"
"619","Tyler Mabry","TE","CAR","-","-","-","-","-","-","-","-","-","-","0","0","-","-","-","-","-","-","0","0"
"619","Seth Williams","WR","LV","-","-","-","-","-","-","-","-","-","BYE","0","-","-","0","-","-","-","-","0","0"
"619","James Mitchell","TE","CAR","-","-","-","-","-","-","-","-","-","-","0","-","-","-","-","-","-","-","0","0"
"619","Jalen Guyton","WR","FA","-","0","-","-","-","-","-","-","-","-","-","-","-","-","-","-","-","-","0","0"
"619","Kazmeir Allen","WR","WAS","-","-","-","-","-","-","-","-","-","-","-","0","-","BYE","-","-","-","-","0","0"
"619","Maurice Alexander","WR","CHI","-","-","-","-","-","-","BYE","-","-","-","-","-","0","0","-","-","-","-","0","0"
"619","Bryce Ford-Wheaton","WR","NYG","-","0","0","-","0","-","0","-","-","-","BYE","-","0","0","-","-","-","-","0","0"
"619","Braxton Berrios","WR","HOU","0","0","0","0","0","-","0","-","-","-","-","-","-","BYE","-","0","0","-","0","0"
"619","Laquon Treadwell","WR","IND","-","-","-","-","-","-","-","-","-","-","-","-","0","BYE","-","-","-","-","0","0"
"619","Brenden Bates","TE","CLE","-","0","0","0","0","-","-","-","-","BYE","-","-","-","-","-","-","0","0","0","0"
"619","Jared Wayne","WR","FA","-","-","-","-","-","-","-","-","-","-","-","-","0","-","-","0","0","-","0","0"
"619","Parker Hesse","TE","FA","0","0","0","0","-","0","0","0","-","-","-","-","-","-","-","-","-","-","0","0"
"619","Jabari Small","RB","DET","-","-","-","-","BYE","0","-","-","-","-","-","-","-","-","-","-","-","-","0","0"
"619","Keilan Robinson","RB","PHI","-","-","-","-","BYE","-","-","-","-","-","-","-","-","0","-","-","0","0","0","0"
"619","Trishton Jackson","WR","ARI","-","0","0","-","-","-","-","-","-","-","BYE","-","-","-","-","-","-","-","0","0"
"619","Adam Prentice","RB","FA","0","0","0","0","0","0","0","0","0","0","0","-","0","0","0","0","0","0","0","0"
"619","Dez Fitzpatrick","WR","LAC","-","-","-","-","BYE","-","-","-","-","-","-","-","-","-","-","-","-","0","0","0"
"619","Kaden Davis","WR","CLE","-","-","-","-","-","-","-","-","-","BYE","-","-","-","-","-","-","-","0","0","0"
"619","Ko Kieft","TE","TB","0","0","0","0","0","0","0","0","0","0","BYE","0","0","0","0","0","0","0","0","0"
"619","Chris Moore","WR","WAS","0","0","0","0","0","-","-","-","-","-","-","-","-","BYE","-","-","-","-","0","0"
"619","Jakob Johnson","RB","HOU","-","0","0","0","-","-","-","-","-","-","-","-","-","BYE","-","-","-","-","0","0"
"619","Avery Williams","RB","PHI","0","0","0","0","0","0","0","0","0","0","0","-","0","0","0","0","0","0","0","0"
"619","John Kelly Jr.","RB","FA","-","0","-","-","-","-","-","-","-","-","-","-","-","-","-","-","-","-","0","0"
"619","Nick Muse","TE","PHI","0","0","-","-","BYE","-","-","-","-","-","-","0","0","-","-","-","-","-","0","0"
"619","Emory Jones","QB","ATL","-","-","-","-","-","-","-","-","-","-","-","BYE","-","-","-","-","0","-","0","0"
"619","Trayveon Williams","RB","CLE","-","0","0","0","-","-","-","-","0","0","-","-","-","-","-","0","0","0","0","0"
"619","Tom Kennedy","WR","DET","0","0","-","-","BYE","-","-","-","-","-","-","-","-","-","-","0","0","-","0","0"
"619","Alex Erickson","WR","FA","-","-","-","-","-","-","-","-","-","-","-","-","-","-","-","0","0","0","0","0"
"619","Tanner McLachlan","TE","CIN","-","-","-","-","-","-","-","-","-","-","-","BYE","-","-","-","0","0","-","0","0"
"619","Brandon Smith","WR","NYJ","-","-","-","-","-","-","-","-","-","-","-","BYE","-","-","0","-","-","-","0","0"
"619","Zack Kuntz","TE","NYJ","-","-","-","-","-","-","-","-","-","-","-","BYE","-","-","0","-","-","-","0","0"
"619","Thomas Odukoya","TE","TEN","-","-","-","-","BYE","-","-","-","-","-","-","-","-","-","0","-","-","-","0","0"
"619","Nyheim Miller-Hines","RB","LAC","-","-","-","-","BYE","-","-","-","-","-","-","-","-","0","-","-","0","-","0","0"
"619","Baylor Cupp","TE","BAL","-","-","-","-","-","-","-","-","-","-","-","-","-","0","-","-","-","-","0","0"
"619","C.J. Uzomah","TE","FA","-","-","-","-","-","-","-","-","-","-","0","0","0","0","0","0","0","-","0","0"
"619","Jack Browning","K","FA","-","-","-","-","-","-","-","-","-","-","-","-","-","0","0","0","0","0","0","0"
"619","Colson Yankoff","TE","WAS","-","0","-","0","0","-","0","-","-","-","-","-","-","BYE","-","-","-","-","0","0"
"619","Princeton Fant","TE","DAL","-","-","-","-","-","-","BYE","-","-","-","0","-","0","0","0","0","-","-","0","0"
"619","Brayden Willis","TE","SF","-","-","0","-","-","-","-","0","BYE","-","0","0","-","0","0","0","0","0","0","0"
"619","Quinton Bell","WR","MIA","0","0","0","0","0","BYE","0","-","0","0","0","0","0","0","0","0","0","0","0","0"
"619","Andrew Beck","TE","NYJ","-","-","-","-","0","0","0","-","-","-","-","BYE","-","-","-","0","-","-","0","0"
"619","Montrell Washington","WR","NYG","-","-","-","-","-","-","-","0","-","-","BYE","-","-","-","-","-","-","-","0","0"
"619","Gary Brightwell","RB","CIN","-","-","-","0","-","-","-","-","-","-","-","BYE","-","-","-","-","-","-","0","0"
"619","Anthony Firkser","TE","FA","0","-","-","-","-","0","-","0","-","-","-","-","0","-","0","0","-","-","0","0"
"619","Austin Reed","QB","CHI","0","-","-","-","-","-","BYE","-","-","-","-","-","-","-","-","-","-","-","0","0"
"619","Cody Thompson","WR","FA","-","-","-","-","0","-","-","-","-","-","-","-","-","-","-","-","-","-","0","0"
"619","Trevor Siemian","QB","FA","-","-","-","-","-","-","0","-","-","-","-","-","-","-","-","-","-","-","0","0"
"619","Jeff Driskel","QB","FA","0","0","-","-","-","-","-","-","-","-","-","-","-","-","-","-","-","-","0","0"
"619","Dante Miller","RB","NYG","-","-","-","-","0","0","-","-","-","-","BYE","-","-","-","-","-","-","-","0","0"
"619","Troy Hairston II","RB","FA","-","-","-","-","-","-","0","0","-","-","-","-","-","-","-","-","-","-","0","0"
"619","KJ Hamler","WR","BUF","-","-","-","-","0","-","-","-","-","-","-","BYE","-","-","-","-","-","-","0","0"
"619","Jake Tonges","TE","SF","0","0","0","0","-","0","0","0","BYE","0","-","0","-","0","-","-","-","0","0","0"
"619","Jaylen Johnson","WR","LAC","-","-","-","-","BYE","-","-","0","-","-","-","-","-","-","-","-","-","-","0","0"
"619","Deonte Harty","WR","FA","0","0","0","0","-","0","-","-","-","-","-","-","-","-","-","-","-","-","0","0"
"619","Brenden Rice","WR","LAC","-","-","-","-","BYE","-","0","-","-","-","-","-","-","-","-","-","-","-","0","0"
"619","Evan Hull","RB","PIT","-","-","-","-","-","-","0","-","BYE","-","-","-","-","-","-","-","-","-","0","0"
"619","Teagan Quitoriano","TE","ATL","-","-","-","-","-","0","0","0","0","0","0","0","-","-","-","-","-","-","0","0"
"619","Justin Shorter","WR","LV","-","-","-","-","-","-","0","0","0","BYE","0","0","0","-","-","-","0","-","0","0"
"619","Equanimeous St. Brown","WR","SF","-","-","-","-","-","0","0","0","BYE","-","-","-","-","-","-","-","-","-","0","0"
"619","D.J. Williams","RB","FA","-","-","-","-","-","0","-","-","-","-","-","-","-","-","-","-","-","-","0","0"
"619","Xavier Weaver","WR","ARI","-","-","-","-","-","0","-","-","-","-","BYE","-","-","-","-","-","-","0","0","0"
"619","La'Mical Perine","RB","FA","-","-","-","-","-","0","-","-","-","-","-","-","-","-","-","-","-","-","0","0"
"619","Roman Wilson","WR","PIT","-","-","-","-","-","0","-","-","BYE","-","-","-","-","-","-","-","-","-","0","0"
"619","Jaren Hall","QB","FA","-","-","-","-","-","0","-","-","-","-","-","-","-","-","-","-","-","-","0","0"
"619","Jalen Cropper","WR","DAL","-","-","-","-","-","-","BYE","-","-","0","-","-","-","-","-","-","-","-","0","0"
"619","Jalen Virgil","WR","BUF","-","-","-","-","-","-","-","0","0","0","0","BYE","0","0","-","0","-","-","0","0"
"619","Khari Blasingame","RB","FA","0","-","-","-","-","0","-","-","-","-","-","-","-","0","-","0","-","-","0","0"
"619","Sam Hartman","QB","WAS","0","-","-","-","-","-","-","-","-","-","-","-","0","BYE","-","-","-","-","0","0"
"619","Brady Russell","TE","SEA","0","0","0","0","0","0","0","0","0","BYE","-","-","0","0","-","-","-","-","0","0"
"619","Robert Tonyan","TE","KC","-","-","0","0","0","BYE","0","0","-","-","-","-","-","-","-","-","-","-","0","0"
"619","Jordan Matthews","TE","FA","0","0","-","-","-","-","-","-","0","-","-","-","-","-","-","-","-","-","0","0"
"619","James Winchester","TE","KC","-","-","0","-","-","BYE","-","-","-","-","-","-","-","-","-","-","0","-","0","0"
"619","Keaontay Ingram","RB","KC","-","-","0","-","-","BYE","-","-","-","-","-","-","-","-","-","-","-","-","0","0"
"619","Marquez Callaway","WR","FA","-","-","-","-","-","-","-","-","0","0","-","-","-","-","-","-","-","-","0","0"
"619","Leroy Watson IV","TE","MIN","-","-","-","-","-","0","-","0","0","0","-","-","-","-","-","-","-","-","0","0"
"619","Dareke Young","WR","SEA","0","-","0","0","-","-","0","0","0","BYE","-","0","-","0","0","0","0","0","0","0"
"619","Jordan Travis","QB","FA","-","-","0","-","-","-","-","-","-","-","-","-","-","-","-","-","-","-","0","0"
"619","C.J. Beathard","QB","FA","-","-","-","-","-","-","-","-","-","0","-","-","-","-","-","-","-","-","0","0"
"619","Kendall Milton","RB","CIN","-","-","-","-","-","-","-","-","0","-","-","BYE","-","-","-","-","-","0","0","0"
"619","Justyn Ross","WR","FA","-","-","-","-","-","-","-","-","0","0","-","-","-","-","-","-","-","-","0","0"
"619","Mitchell Wilcox","TE","MIA","-","-","-","-","-","BYE","-","-","-","0","-","-","-","-","-","-","-","-","0","0"
"619","Elijah Cooks","WR","PHI","-","-","-","-","BYE","-","-","-","0","-","-","-","0","-","0","-","-","-","0","0"
"619","Jake Luton","QB","FA","0","-","-","-","-","-","-","-","-","-","-","-","-","-","-","-","-","-","0","0"
"619","Zach Pascal","WR","NYG","0","0","0","0","0","0","0","0","0","0","BYE","0","-","0","0","-","-","0","0","0"
"619","Rodney Williams","TE","FA","-","-","0","-","-","0","-","0","-","-","-","-","-","-","-","-","-","-","0","0"
"619","Travis Vokolek","TE","ARI","-","-","-","0","-","-","-","-","-","-","BYE","-","-","-","-","-","-","-","0","0"
"619","Justin Hardee Sr.","WR","FA","-","-","-","-","-","-","-","-","0","-","-","0","-","-","0","-","-","0","0","0"
"619","Erik Ezukanma","WR","MIA","-","-","0","-","-","BYE","-","-","-","-","-","-","-","-","-","0","-","-","0","0"
"713","Jermaine Jackson","WR","FA","-","-","-","-","-","-","0","0","-0.1","0","-","-","-","-","-","-","-","-","0","-0.1"
"714","Jake Browning","QB","CIN","-","-","-","-","-","-","-","0","-0.1","-","-","BYE","-","-","-","-0.1","-","-","-0.1","-0.2"
"714","Kyle Trask","QB","TB","-0.2","-","-","-","-","-","-","-","-","-","BYE","-","0.2","-","0","-","-0.2","-","-0.1","-0.2"
"716","Tyson Bagent","QB","CHI","-","-","-","-","-0.4","-0.3","BYE","-","-","-","-","-","-","0.2","0.2","-","-","-","-0.1","-0.3"
"717","Steven Sims Jr.","WR","SEA","0","0","0","-2","-","0","-","-","0","0","-","-","-","-","-","-","0","0","-0.2","-2"
"717","Dylan Laube","RB","LV","-","-","-","-","-","-2","-","-","-","BYE","-","0","0","-","0","-","0","0","-0.3","-2"
"719","Clayton Tune","QB","ARI","-","-2.6","-","-","-","-","0.2","-","0","-0.1","BYE","-","-","-","0.2","-","-","0.2","-0.3","-2.1"
"720","Kadarius Toney","WR","FA","-","-","-","-","-","-","-","-","-","-","-0.7","-","0.3","-2","-","-","-","-","-0.8","-2.4"
"721","Jha'Quan Jackson","WR","TEN","0","0","0","0","BYE","0","0","0","0.8","0","0","-2","-2","-","-","-","-","-","-0.3","-3.2"
"722","Dee Williams","WR","NYG","-2","0","0","0","0","0","0","-2","0","-","0","0","-2","-","0","-","-","-","-0.5","-6"
""
""